tokenId,tokenName,price,tokenTypeId,updateTime
0x2022111013215200000000000000000000000000000000000000000000000001,ST00001,10000000,0x3078303030303100000000000000000000000000000000000000000000000000,1668054112
0x2022111013215200000000000000000000000000000000000000000000000002,ST00002,10000000,0x3078303030303100000000000000000000000000000000000000000000000000,1668054112
0x2022111013215200000000000000000000000000000000000000000000000003,ST00003,10000000,0x3078303030303100000000000000000000000000000000000000000000000000,1668054112
0x2022111013215200000000000000000000000000000000000000000000000004,ST00004,10000000,0x3078303030303100000000000000000000000000000000000000000000000000,1668054112
0x2022111013215200000000000000000000000000000000000000000000000005,ST00005,10000000,0x3078303030303100000000000000000000000000000000000000000000000000,1668054112
0x2022111013215200000000000000000000000000000000000000000000000006,ST00006,10000000,0x3078303030303100000000000000000000000000000000000000000000000000,1668054112
0x2022111013215200000000000000000000000000000000000000000000000007,ST00007,10000000,0x3078303030303100000000000000000000000000000000000000000000000000,1668054112
0x2022111013215200000000000000000000000000000000000000000000000008,ST00008,10000000,0x3078303030303100000000000000000000000000000000000000000000000000,1668054112
0x2022111013215200000000000000000000000000000000000000000000000009,ST00009,10000000,0x3078303030303100000000000000000000000000000000000000000000000000,1668054112
0x2022111013215200000000000000000000000000000000000000000000000010,ST00010,10000000,0x3078303030303100000000000000000000000000000000000000000000000000,1668054112
0x2022111013215200000000000000000000000000000000000000000000000011,ST00011,10000000,0x3078303030303100000000000000000000000000000000000000000000000000,1668054112
0x2022111013215200000000000000000000000000000000000000000000000012,ST00012,10000000,0x3078303030303100000000000000000000000000000000000000000000000000,1668054112
0x2022111013215200000000000000000000000000000000000000000000000013,ST00013,10000000,0x3078303030303100000000000000000000000000000000000000000000000000,1668054112
0x2022111013215200000000000000000000000000000000000000000000000014,ST00014,10000000,0x3078303030303100000000000000000000000000000000000000000000000000,1668054112
0x2022111013215200000000000000000000000000000000000000000000000015,ST00015,10000000,0x3078303030303100000000000000000000000000000000000000000000000000,1668054112
0x2022111013215200000000000000000000000000000000000000000000000016,ST00016,10000000,0x3078303030303100000000000000000000000000000000000000000000000000,1668054112
0x2022111013215200000000000000000000000000000000000000000000000017,ST00017,10000000,0x3078303030303100000000000000000000000000000000000000000000000000,1668054112
0x2022111013215200000000000000000000000000000000000000000000000018,ST00018,10000000,0x3078303030303100000000000000000000000000000000000000000000000000,1668054112
0x2022111013215200000000000000000000000000000000000000000000000019,ST00019,10000000,0x3078303030303100000000000000000000000000000000000000000000000000,1668054112
0x2022111013215200000000000000000000000000000000000000000000000020,ST00020,10000000,0x3078303030303100000000000000000000000000000000000000000000000000,1668054112
0x2022111013215200000000000000000000000000000000000000000000000021,ST00021,10000000,0x3078303030303100000000000000000000000000000000000000000000000000,1668054112
0x2022111013215200000000000000000000000000000000000000000000000022,ST00022,10000000,0x3078303030303100000000000000000000000000000000000000000000000000,1668054112
0x2022111013215200000000000000000000000000000000000000000000000023,ST00023,10000000,0x3078303030303100000000000000000000000000000000000000000000000000,1668054112
0x2022111013215200000000000000000000000000000000000000000000000024,ST00024,10000000,0x3078303030303100000000000000000000000000000000000000000000000000,1668054112
0x2022111013215200000000000000000000000000000000000000000000000025,ST00025,10000000,0x3078303030303100000000000000000000000000000000000000000000000000,1668054112
0x2022111013215200000000000000000000000000000000000000000000000026,ST00026,10000000,0x3078303030303100000000000000000000000000000000000000000000000000,1668054112
0x2022111013215200000000000000000000000000000000000000000000000027,ST00027,10000000,0x3078303030303100000000000000000000000000000000000000000000000000,1668054112
0x2022111013215200000000000000000000000000000000000000000000000028,ST00028,10000000,0x3078303030303100000000000000000000000000000000000000000000000000,1668054112
0x2022111013215200000000000000000000000000000000000000000000000029,ST00029,10000000,0x3078303030303100000000000000000000000000000000000000000000000000,1668054112
0x2022111013215200000000000000000000000000000000000000000000000030,ST00030,10000000,0x3078303030303100000000000000000000000000000000000000000000000000,1668054112
0x2022111013215200000000000000000000000000000000000000000000000031,ST00031,10000000,0x3078303030303100000000000000000000000000000000000000000000000000,1668054112
0x2022111013215200000000000000000000000000000000000000000000000032,ST00032,10000000,0x3078303030303100000000000000000000000000000000000000000000000000,1668054112
0x2022111013215200000000000000000000000000000000000000000000000033,ST00033,10000000,0x3078303030303100000000000000000000000000000000000000000000000000,1668054112
0x2022111013215200000000000000000000000000000000000000000000000034,ST00034,10000000,0x3078303030303100000000000000000000000000000000000000000000000000,1668054112
0x2022111013215200000000000000000000000000000000000000000000000035,ST00035,10000000,0x3078303030303100000000000000000000000000000000000000000000000000,1668054112
0x2022111013215200000000000000000000000000000000000000000000000036,ST00036,10000000,0x3078303030303100000000000000000000000000000000000000000000000000,1668054112
0x2022111013215200000000000000000000000000000000000000000000000037,ST00037,10000000,0x3078303030303100000000000000000000000000000000000000000000000000,1668054112
0x2022111013215200000000000000000000000000000000000000000000000038,ST00038,10000000,0x3078303030303100000000000000000000000000000000000000000000000000,1668054112
0x2022111013215200000000000000000000000000000000000000000000000039,ST00039,10000000,0x3078303030303100000000000000000000000000000000000000000000000000,1668054112
0x2022111013215200000000000000000000000000000000000000000000000040,ST00040,10000000,0x3078303030303100000000000000000000000000000000000000000000000000,1668054112
0x2022111013215200000000000000000000000000000000000000000000000041,ST00041,10000000,0x3078303030303100000000000000000000000000000000000000000000000000,1668054112
0x2022111013215200000000000000000000000000000000000000000000000042,ST00042,10000000,0x3078303030303100000000000000000000000000000000000000000000000000,1668054112
0x2022111013215200000000000000000000000000000000000000000000000043,ST00043,10000000,0x3078303030303100000000000000000000000000000000000000000000000000,1668054112
0x2022111013215200000000000000000000000000000000000000000000000044,ST00044,10000000,0x3078303030303100000000000000000000000000000000000000000000000000,1668054112
0x2022111013215200000000000000000000000000000000000000000000000045,ST00045,10000000,0x3078303030303100000000000000000000000000000000000000000000000000,1668054112
0x2022111013215200000000000000000000000000000000000000000000000046,ST00046,10000000,0x3078303030303100000000000000000000000000000000000000000000000000,1668054112
0x2022111013215200000000000000000000000000000000000000000000000047,ST00047,10000000,0x3078303030303100000000000000000000000000000000000000000000000000,1668054112
0x2022111013215200000000000000000000000000000000000000000000000048,ST00048,10000000,0x3078303030303100000000000000000000000000000000000000000000000000,1668054112
0x2022111013215200000000000000000000000000000000000000000000000049,ST00049,10000000,0x3078303030303100000000000000000000000000000000000000000000000000,1668054112
0x2022111013215200000000000000000000000000000000000000000000000050,ST00050,10000000,0x3078303030303100000000000000000000000000000000000000000000000000,1668054112
0x2022111013215200000000000000000000000000000000000000000000000051,ST00051,10000000,0x3078303030303100000000000000000000000000000000000000000000000000,1668054112
0x2022111013215200000000000000000000000000000000000000000000000052,ST00052,10000000,0x3078303030303100000000000000000000000000000000000000000000000000,1668054112
0x2022111013215200000000000000000000000000000000000000000000000053,ST00053,10000000,0x3078303030303100000000000000000000000000000000000000000000000000,1668054112
0x2022111013215200000000000000000000000000000000000000000000000054,ST00054,10000000,0x3078303030303100000000000000000000000000000000000000000000000000,1668054112
0x2022111013215200000000000000000000000000000000000000000000000055,ST00055,10000000,0x3078303030303100000000000000000000000000000000000000000000000000,1668054112
0x2022111013215200000000000000000000000000000000000000000000000056,ST00056,10000000,0x3078303030303100000000000000000000000000000000000000000000000000,1668054112
0x2022111013215200000000000000000000000000000000000000000000000057,ST00057,10000000,0x3078303030303100000000000000000000000000000000000000000000000000,1668054112
0x2022111013215200000000000000000000000000000000000000000000000058,ST00058,10000000,0x3078303030303100000000000000000000000000000000000000000000000000,1668054112
0x2022111013215200000000000000000000000000000000000000000000000059,ST00059,10000000,0x3078303030303100000000000000000000000000000000000000000000000000,1668054112
0x2022111013215200000000000000000000000000000000000000000000000060,ST00060,10000000,0x3078303030303100000000000000000000000000000000000000000000000000,1668054112
0x2022111013215200000000000000000000000000000000000000000000000061,ST00061,10000000,0x3078303030303100000000000000000000000000000000000000000000000000,1668054112
0x2022111013215200000000000000000000000000000000000000000000000062,ST00062,10000000,0x3078303030303100000000000000000000000000000000000000000000000000,1668054112
0x2022111013215200000000000000000000000000000000000000000000000063,ST00063,10000000,0x3078303030303100000000000000000000000000000000000000000000000000,1668054112
0x2022111013215200000000000000000000000000000000000000000000000064,ST00064,10000000,0x3078303030303100000000000000000000000000000000000000000000000000,1668054112
0x2022111013215200000000000000000000000000000000000000000000000065,ST00065,10000000,0x3078303030303100000000000000000000000000000000000000000000000000,1668054112
0x2022111013215200000000000000000000000000000000000000000000000066,ST00066,10000000,0x3078303030303100000000000000000000000000000000000000000000000000,1668054112
0x2022111013215200000000000000000000000000000000000000000000000067,ST00067,10000000,0x3078303030303100000000000000000000000000000000000000000000000000,1668054112
0x2022111013215200000000000000000000000000000000000000000000000068,ST00068,10000000,0x3078303030303100000000000000000000000000000000000000000000000000,1668054112
0x2022111013215200000000000000000000000000000000000000000000000069,ST00069,10000000,0x3078303030303100000000000000000000000000000000000000000000000000,1668054112
0x2022111013215200000000000000000000000000000000000000000000000070,ST00070,10000000,0x3078303030303100000000000000000000000000000000000000000000000000,1668054112
0x2022111013215200000000000000000000000000000000000000000000000071,ST00071,10000000,0x3078303030303100000000000000000000000000000000000000000000000000,1668054112
0x2022111013215200000000000000000000000000000000000000000000000072,ST00072,10000000,0x3078303030303100000000000000000000000000000000000000000000000000,1668054112
0x2022111013215200000000000000000000000000000000000000000000000073,ST00073,10000000,0x3078303030303100000000000000000000000000000000000000000000000000,1668054112
0x2022111013215200000000000000000000000000000000000000000000000074,ST00074,10000000,0x3078303030303100000000000000000000000000000000000000000000000000,1668054112
0x2022111013215200000000000000000000000000000000000000000000000075,ST00075,10000000,0x3078303030303100000000000000000000000000000000000000000000000000,1668054112
0x2022111013215200000000000000000000000000000000000000000000000076,ST00076,10000000,0x3078303030303100000000000000000000000000000000000000000000000000,1668054112
0x2022111013215200000000000000000000000000000000000000000000000077,ST00077,10000000,0x3078303030303100000000000000000000000000000000000000000000000000,1668054112
0x2022111013215200000000000000000000000000000000000000000000000078,ST00078,10000000,0x3078303030303100000000000000000000000000000000000000000000000000,1668054112
0x2022111013215200000000000000000000000000000000000000000000000079,ST00079,10000000,0x3078303030303100000000000000000000000000000000000000000000000000,1668054112
0x2022111013215200000000000000000000000000000000000000000000000080,ST00080,10000000,0x3078303030303100000000000000000000000000000000000000000000000000,1668054112
0x2022111013215200000000000000000000000000000000000000000000000081,ST00081,10000000,0x3078303030303100000000000000000000000000000000000000000000000000,1668054112
0x2022111013215200000000000000000000000000000000000000000000000082,ST00082,10000000,0x3078303030303100000000000000000000000000000000000000000000000000,1668054112
0x2022111013215200000000000000000000000000000000000000000000000083,ST00083,10000000,0x3078303030303100000000000000000000000000000000000000000000000000,1668054112
0x2022111013215200000000000000000000000000000000000000000000000084,ST00084,10000000,0x3078303030303100000000000000000000000000000000000000000000000000,1668054112
0x2022111013215200000000000000000000000000000000000000000000000085,ST00085,10000000,0x3078303030303100000000000000000000000000000000000000000000000000,1668054112
0x2022111013215200000000000000000000000000000000000000000000000086,ST00086,10000000,0x3078303030303100000000000000000000000000000000000000000000000000,1668054112
0x2022111013215200000000000000000000000000000000000000000000000087,ST00087,10000000,0x3078303030303100000000000000000000000000000000000000000000000000,1668054112
0x2022111013215200000000000000000000000000000000000000000000000088,ST00088,10000000,0x3078303030303100000000000000000000000000000000000000000000000000,1668054112
0x2022111013215200000000000000000000000000000000000000000000000089,ST00089,10000000,0x3078303030303100000000000000000000000000000000000000000000000000,1668054112
0x2022111013215200000000000000000000000000000000000000000000000090,ST00090,10000000,0x3078303030303100000000000000000000000000000000000000000000000000,1668054112
0x2022111013215200000000000000000000000000000000000000000000000091,ST00091,10000000,0x3078303030303100000000000000000000000000000000000000000000000000,1668054112
0x2022111013215200000000000000000000000000000000000000000000000092,ST00092,10000000,0x3078303030303100000000000000000000000000000000000000000000000000,1668054112
0x2022111013215200000000000000000000000000000000000000000000000093,ST00093,10000000,0x3078303030303100000000000000000000000000000000000000000000000000,1668054112
0x2022111013215200000000000000000000000000000000000000000000000094,ST00094,10000000,0x3078303030303100000000000000000000000000000000000000000000000000,1668054112
0x2022111013215200000000000000000000000000000000000000000000000095,ST00095,10000000,0x3078303030303100000000000000000000000000000000000000000000000000,1668054112
0x2022111013215200000000000000000000000000000000000000000000000096,ST00096,10000000,0x3078303030303100000000000000000000000000000000000000000000000000,1668054112
0x2022111013215200000000000000000000000000000000000000000000000097,ST00097,10000000,0x3078303030303100000000000000000000000000000000000000000000000000,1668054112
0x2022111013215200000000000000000000000000000000000000000000000098,ST00098,10000000,0x3078303030303100000000000000000000000000000000000000000000000000,1668054112
0x2022111013215200000000000000000000000000000000000000000000000099,ST00099,10000000,0x3078303030303100000000000000000000000000000000000000000000000000,1668054112
0x2022111013215200000000000000000000000000000000000000000000000100,ST00100,10000000,0x3078303030303100000000000000000000000000000000000000000000000000,1668054112
0x2022111013215200000000000000000000000000000000000000000000000101,ST00101,10000000,0x3078303030303100000000000000000000000000000000000000000000000000,1668054112
0x2022111013215200000000000000000000000000000000000000000000000102,ST00102,10000000,0x3078303030303100000000000000000000000000000000000000000000000000,1668054112
0x2022111013215200000000000000000000000000000000000000000000000103,ST00103,10000000,0x3078303030303100000000000000000000000000000000000000000000000000,1668054112
0x2022111013215200000000000000000000000000000000000000000000000104,ST00104,10000000,0x3078303030303100000000000000000000000000000000000000000000000000,1668054112
0x2022111013215200000000000000000000000000000000000000000000000105,ST00105,10000000,0x3078303030303100000000000000000000000000000000000000000000000000,1668054112
0x2022111013215200000000000000000000000000000000000000000000000106,ST00106,10000000,0x3078303030303100000000000000000000000000000000000000000000000000,1668054112
0x2022111013215200000000000000000000000000000000000000000000000107,ST00107,10000000,0x3078303030303100000000000000000000000000000000000000000000000000,1668054112
0x2022111013215200000000000000000000000000000000000000000000000108,ST00108,10000000,0x3078303030303100000000000000000000000000000000000000000000000000,1668054112
0x2022111013215200000000000000000000000000000000000000000000000109,ST00109,10000000,0x3078303030303100000000000000000000000000000000000000000000000000,1668054112
0x2022111013215200000000000000000000000000000000000000000000000110,ST00110,10000000,0x3078303030303100000000000000000000000000000000000000000000000000,1668054112
0x2022111013215200000000000000000000000000000000000000000000000111,ST00111,10000000,0x3078303030303100000000000000000000000000000000000000000000000000,1668054112
0x2022111013215200000000000000000000000000000000000000000000000112,ST00112,10000000,0x3078303030303100000000000000000000000000000000000000000000000000,1668054112
0x2022111013215200000000000000000000000000000000000000000000000113,ST00113,10000000,0x3078303030303100000000000000000000000000000000000000000000000000,1668054112
0x2022111013215200000000000000000000000000000000000000000000000114,ST00114,10000000,0x3078303030303100000000000000000000000000000000000000000000000000,1668054112
0x2022111013215200000000000000000000000000000000000000000000000115,ST00115,10000000,0x3078303030303100000000000000000000000000000000000000000000000000,1668054112
0x2022111013215200000000000000000000000000000000000000000000000116,ST00116,10000000,0x3078303030303100000000000000000000000000000000000000000000000000,1668054112
0x2022111013215200000000000000000000000000000000000000000000000117,ST00117,10000000,0x3078303030303100000000000000000000000000000000000000000000000000,1668054112
0x2022111013215200000000000000000000000000000000000000000000000118,ST00118,10000000,0x3078303030303100000000000000000000000000000000000000000000000000,1668054112
0x2022111013215200000000000000000000000000000000000000000000000119,ST00119,10000000,0x3078303030303100000000000000000000000000000000000000000000000000,1668054112
0x2022111013215200000000000000000000000000000000000000000000000120,ST00120,10000000,0x3078303030303100000000000000000000000000000000000000000000000000,1668054112
0x2022111013215200000000000000000000000000000000000000000000000121,ST00121,10000000,0x3078303030303100000000000000000000000000000000000000000000000000,1668054112
0x2022111013215200000000000000000000000000000000000000000000000122,ST00122,10000000,0x3078303030303100000000000000000000000000000000000000000000000000,1668054112
0x2022111013215200000000000000000000000000000000000000000000000123,ST00123,10000000,0x3078303030303100000000000000000000000000000000000000000000000000,1668054112
0x2022111013215200000000000000000000000000000000000000000000000124,ST00124,10000000,0x3078303030303100000000000000000000000000000000000000000000000000,1668054112
0x2022111013215200000000000000000000000000000000000000000000000125,ST00125,10000000,0x3078303030303100000000000000000000000000000000000000000000000000,1668054112
0x2022111013215200000000000000000000000000000000000000000000000126,ST00126,10000000,0x3078303030303100000000000000000000000000000000000000000000000000,1668054112
0x2022111013215200000000000000000000000000000000000000000000000127,ST00127,10000000,0x3078303030303100000000000000000000000000000000000000000000000000,1668054112
0x2022111013215200000000000000000000000000000000000000000000000128,ST00128,10000000,0x3078303030303100000000000000000000000000000000000000000000000000,1668054112
0x2022111013215200000000000000000000000000000000000000000000000129,ST00129,10000000,0x3078303030303100000000000000000000000000000000000000000000000000,1668054112
0x2022111013215200000000000000000000000000000000000000000000000130,ST00130,10000000,0x3078303030303100000000000000000000000000000000000000000000000000,1668054112
0x2022111013215200000000000000000000000000000000000000000000000131,ST00131,10000000,0x3078303030303100000000000000000000000000000000000000000000000000,1668054112
0x2022111013215200000000000000000000000000000000000000000000000132,ST00132,10000000,0x3078303030303100000000000000000000000000000000000000000000000000,1668054112
0x2022111013215200000000000000000000000000000000000000000000000133,ST00133,10000000,0x3078303030303100000000000000000000000000000000000000000000000000,1668054112
0x2022111013215200000000000000000000000000000000000000000000000134,ST00134,10000000,0x3078303030303100000000000000000000000000000000000000000000000000,1668054112
0x2022111013215200000000000000000000000000000000000000000000000135,ST00135,10000000,0x3078303030303100000000000000000000000000000000000000000000000000,1668054112
0x2022111013215200000000000000000000000000000000000000000000000136,ST00136,10000000,0x3078303030303100000000000000000000000000000000000000000000000000,1668054112
0x2022111013215200000000000000000000000000000000000000000000000137,ST00137,10000000,0x3078303030303100000000000000000000000000000000000000000000000000,1668054112
0x2022111013215200000000000000000000000000000000000000000000000138,ST00138,10000000,0x3078303030303100000000000000000000000000000000000000000000000000,1668054112
0x2022111013215200000000000000000000000000000000000000000000000139,ST00139,10000000,0x3078303030303100000000000000000000000000000000000000000000000000,1668054112
0x2022111013215200000000000000000000000000000000000000000000000140,ST00140,10000000,0x3078303030303100000000000000000000000000000000000000000000000000,1668054112
0x2022111013215200000000000000000000000000000000000000000000000141,ST00141,10000000,0x3078303030303100000000000000000000000000000000000000000000000000,1668054112
0x2022111013215200000000000000000000000000000000000000000000000142,ST00142,10000000,0x3078303030303100000000000000000000000000000000000000000000000000,1668054112
0x2022111013215200000000000000000000000000000000000000000000000143,ST00143,10000000,0x3078303030303100000000000000000000000000000000000000000000000000,1668054112
0x2022111013215200000000000000000000000000000000000000000000000144,ST00144,10000000,0x3078303030303100000000000000000000000000000000000000000000000000,1668054112
0x2022111013215200000000000000000000000000000000000000000000000145,ST00145,10000000,0x3078303030303100000000000000000000000000000000000000000000000000,1668054112
0x2022111013215200000000000000000000000000000000000000000000000146,ST00146,10000000,0x3078303030303100000000000000000000000000000000000000000000000000,1668054112
0x2022111013215200000000000000000000000000000000000000000000000147,ST00147,10000000,0x3078303030303100000000000000000000000000000000000000000000000000,1668054112
0x2022111013215200000000000000000000000000000000000000000000000148,ST00148,10000000,0x3078303030303100000000000000000000000000000000000000000000000000,1668054112
0x2022111013215200000000000000000000000000000000000000000000000149,ST00149,10000000,0x3078303030303100000000000000000000000000000000000000000000000000,1668054112
0x2022111013215200000000000000000000000000000000000000000000000150,ST00150,10000000,0x3078303030303100000000000000000000000000000000000000000000000000,1668054112
0x2022111013215200000000000000000000000000000000000000000000000151,ST00151,10000000,0x3078303030303100000000000000000000000000000000000000000000000000,1668054112
0x2022111013215200000000000000000000000000000000000000000000000152,ST00152,10000000,0x3078303030303100000000000000000000000000000000000000000000000000,1668054112
0x2022111013215200000000000000000000000000000000000000000000000153,ST00153,10000000,0x3078303030303100000000000000000000000000000000000000000000000000,1668054112
0x2022111013215200000000000000000000000000000000000000000000000154,ST00154,10000000,0x3078303030303100000000000000000000000000000000000000000000000000,1668054112
0x2022111013215200000000000000000000000000000000000000000000000155,ST00155,10000000,0x3078303030303100000000000000000000000000000000000000000000000000,1668054112
0x2022111013215200000000000000000000000000000000000000000000000156,ST00156,10000000,0x3078303030303100000000000000000000000000000000000000000000000000,1668054112
0x2022111013215200000000000000000000000000000000000000000000000157,ST00157,10000000,0x3078303030303100000000000000000000000000000000000000000000000000,1668054112
0x2022111013215200000000000000000000000000000000000000000000000158,ST00158,10000000,0x3078303030303100000000000000000000000000000000000000000000000000,1668054112
0x2022111013215200000000000000000000000000000000000000000000000159,ST00159,10000000,0x3078303030303100000000000000000000000000000000000000000000000000,1668054112
0x2022111013215200000000000000000000000000000000000000000000000160,ST00160,10000000,0x3078303030303100000000000000000000000000000000000000000000000000,1668054112
0x2022111013215200000000000000000000000000000000000000000000000161,ST00161,10000000,0x3078303030303100000000000000000000000000000000000000000000000000,1668054112
0x2022111013215200000000000000000000000000000000000000000000000162,ST00162,10000000,0x3078303030303100000000000000000000000000000000000000000000000000,1668054112
0x2022111013215200000000000000000000000000000000000000000000000163,ST00163,10000000,0x3078303030303100000000000000000000000000000000000000000000000000,1668054112
0x2022111013215200000000000000000000000000000000000000000000000164,ST00164,10000000,0x3078303030303100000000000000000000000000000000000000000000000000,1668054112
0x2022111013215200000000000000000000000000000000000000000000000165,ST00165,10000000,0x3078303030303100000000000000000000000000000000000000000000000000,1668054112
0x2022111013215200000000000000000000000000000000000000000000000166,ST00166,10000000,0x3078303030303100000000000000000000000000000000000000000000000000,1668054112
0x2022111013215200000000000000000000000000000000000000000000000167,ST00167,10000000,0x3078303030303100000000000000000000000000000000000000000000000000,1668054112
0x2022111013215200000000000000000000000000000000000000000000000168,ST00168,10000000,0x3078303030303100000000000000000000000000000000000000000000000000,1668054112
0x2022111013215200000000000000000000000000000000000000000000000169,ST00169,10000000,0x3078303030303100000000000000000000000000000000000000000000000000,1668054112
0x2022111013215200000000000000000000000000000000000000000000000170,ST00170,10000000,0x3078303030303100000000000000000000000000000000000000000000000000,1668054112
0x2022111013215200000000000000000000000000000000000000000000000171,ST00171,10000000,0x3078303030303100000000000000000000000000000000000000000000000000,1668054112
0x2022111013215200000000000000000000000000000000000000000000000172,ST00172,10000000,0x3078303030303100000000000000000000000000000000000000000000000000,1668054112
0x2022111013215200000000000000000000000000000000000000000000000173,ST00173,10000000,0x3078303030303100000000000000000000000000000000000000000000000000,1668054112
0x2022111013215200000000000000000000000000000000000000000000000174,ST00174,10000000,0x3078303030303100000000000000000000000000000000000000000000000000,1668054112
0x2022111013215200000000000000000000000000000000000000000000000175,ST00175,10000000,0x3078303030303100000000000000000000000000000000000000000000000000,1668054112
0x2022111013215200000000000000000000000000000000000000000000000176,ST00176,10000000,0x3078303030303100000000000000000000000000000000000000000000000000,1668054112
0x2022111013215200000000000000000000000000000000000000000000000177,ST00177,10000000,0x3078303030303100000000000000000000000000000000000000000000000000,1668054112
0x2022111013215200000000000000000000000000000000000000000000000178,ST00178,10000000,0x3078303030303100000000000000000000000000000000000000000000000000,1668054112
0x2022111013215200000000000000000000000000000000000000000000000179,ST00179,10000000,0x3078303030303100000000000000000000000000000000000000000000000000,1668054112
0x2022111013215200000000000000000000000000000000000000000000000180,ST00180,10000000,0x3078303030303100000000000000000000000000000000000000000000000000,1668054112
0x2022111013215200000000000000000000000000000000000000000000000181,ST00181,10000000,0x3078303030303100000000000000000000000000000000000000000000000000,1668054112
0x2022111013215200000000000000000000000000000000000000000000000182,ST00182,10000000,0x3078303030303100000000000000000000000000000000000000000000000000,1668054112
0x2022111013215200000000000000000000000000000000000000000000000183,ST00183,10000000,0x3078303030303100000000000000000000000000000000000000000000000000,1668054112
0x2022111013215200000000000000000000000000000000000000000000000184,ST00184,10000000,0x3078303030303100000000000000000000000000000000000000000000000000,1668054112
0x2022111013215200000000000000000000000000000000000000000000000185,ST00185,10000000,0x3078303030303100000000000000000000000000000000000000000000000000,1668054112
0x2022111013215200000000000000000000000000000000000000000000000186,ST00186,10000000,0x3078303030303100000000000000000000000000000000000000000000000000,1668054112
0x2022111013215200000000000000000000000000000000000000000000000187,ST00187,10000000,0x3078303030303100000000000000000000000000000000000000000000000000,1668054112
0x2022111013215200000000000000000000000000000000000000000000000188,ST00188,10000000,0x3078303030303100000000000000000000000000000000000000000000000000,1668054112
0x2022111013215200000000000000000000000000000000000000000000000189,ST00189,10000000,0x3078303030303100000000000000000000000000000000000000000000000000,1668054112
0x2022111013215200000000000000000000000000000000000000000000000190,ST00190,10000000,0x3078303030303100000000000000000000000000000000000000000000000000,1668054112
0x2022111013215200000000000000000000000000000000000000000000000191,ST00191,10000000,0x3078303030303100000000000000000000000000000000000000000000000000,1668054112
0x2022111013215200000000000000000000000000000000000000000000000192,ST00192,10000000,0x3078303030303100000000000000000000000000000000000000000000000000,1668054112
0x2022111013215200000000000000000000000000000000000000000000000193,ST00193,10000000,0x3078303030303100000000000000000000000000000000000000000000000000,1668054112
0x2022111013215200000000000000000000000000000000000000000000000194,ST00194,10000000,0x3078303030303100000000000000000000000000000000000000000000000000,1668054112
0x2022111013215200000000000000000000000000000000000000000000000195,ST00195,10000000,0x3078303030303100000000000000000000000000000000000000000000000000,1668054112
0x2022111013215200000000000000000000000000000000000000000000000196,ST00196,10000000,0x3078303030303100000000000000000000000000000000000000000000000000,1668054112
0x2022111013215200000000000000000000000000000000000000000000000197,ST00197,10000000,0x3078303030303100000000000000000000000000000000000000000000000000,1668054112
0x2022111013215200000000000000000000000000000000000000000000000198,ST00198,10000000,0x3078303030303100000000000000000000000000000000000000000000000000,1668054112
0x2022111013215200000000000000000000000000000000000000000000000199,ST00199,10000000,0x3078303030303100000000000000000000000000000000000000000000000000,1668054112
0x2022111013215200000000000000000000000000000000000000000000000200,ST00200,10000000,0x3078303030303100000000000000000000000000000000000000000000000000,1668054112
0x2022111013215200000000000000000000000000000000000000000000000201,ST00201,10000000,0x3078303030303100000000000000000000000000000000000000000000000000,1668054112
0x2022111013215200000000000000000000000000000000000000000000000202,ST00202,10000000,0x3078303030303100000000000000000000000000000000000000000000000000,1668054112
0x2022111013215200000000000000000000000000000000000000000000000203,ST00203,10000000,0x3078303030303100000000000000000000000000000000000000000000000000,1668054112
0x2022111013215200000000000000000000000000000000000000000000000204,ST00204,10000000,0x3078303030303100000000000000000000000000000000000000000000000000,1668054112
0x2022111013215200000000000000000000000000000000000000000000000205,ST00205,10000000,0x3078303030303100000000000000000000000000000000000000000000000000,1668054112
0x2022111013215200000000000000000000000000000000000000000000000206,ST00206,10000000,0x3078303030303100000000000000000000000000000000000000000000000000,1668054112
0x2022111013215200000000000000000000000000000000000000000000000207,ST00207,10000000,0x3078303030303100000000000000000000000000000000000000000000000000,1668054112
0x2022111013215200000000000000000000000000000000000000000000000208,ST00208,10000000,0x3078303030303100000000000000000000000000000000000000000000000000,1668054112
0x2022111013215200000000000000000000000000000000000000000000000209,ST00209,10000000,0x3078303030303100000000000000000000000000000000000000000000000000,1668054112
0x2022111013215200000000000000000000000000000000000000000000000210,ST00210,10000000,0x3078303030303100000000000000000000000000000000000000000000000000,1668054112
0x2022111013215200000000000000000000000000000000000000000000000211,ST00211,10000000,0x3078303030303100000000000000000000000000000000000000000000000000,1668054112
0x2022111013215200000000000000000000000000000000000000000000000212,ST00212,10000000,0x3078303030303100000000000000000000000000000000000000000000000000,1668054112
0x2022111013215200000000000000000000000000000000000000000000000213,ST00213,10000000,0x3078303030303100000000000000000000000000000000000000000000000000,1668054112
0x2022111013215200000000000000000000000000000000000000000000000214,ST00214,10000000,0x3078303030303100000000000000000000000000000000000000000000000000,1668054112
0x2022111013215200000000000000000000000000000000000000000000000215,ST00215,10000000,0x3078303030303100000000000000000000000000000000000000000000000000,1668054112
0x2022111013215200000000000000000000000000000000000000000000000216,ST00216,10000000,0x3078303030303100000000000000000000000000000000000000000000000000,1668054112
0x2022111013215200000000000000000000000000000000000000000000000217,ST00217,10000000,0x3078303030303100000000000000000000000000000000000000000000000000,1668054112
0x2022111013215200000000000000000000000000000000000000000000000218,ST00218,10000000,0x3078303030303100000000000000000000000000000000000000000000000000,1668054112
0x2022111013215200000000000000000000000000000000000000000000000219,ST00219,10000000,0x3078303030303100000000000000000000000000000000000000000000000000,1668054112
0x2022111013215200000000000000000000000000000000000000000000000220,ST00220,10000000,0x3078303030303100000000000000000000000000000000000000000000000000,1668054112
0x2022111013215200000000000000000000000000000000000000000000000221,ST00221,10000000,0x3078303030303100000000000000000000000000000000000000000000000000,1668054112
0x2022111013215200000000000000000000000000000000000000000000000222,ST00222,10000000,0x3078303030303100000000000000000000000000000000000000000000000000,1668054112
0x2022111013215200000000000000000000000000000000000000000000000223,ST00223,10000000,0x3078303030303100000000000000000000000000000000000000000000000000,1668054112
0x2022111013215200000000000000000000000000000000000000000000000224,ST00224,10000000,0x3078303030303100000000000000000000000000000000000000000000000000,1668054112
0x2022111013215200000000000000000000000000000000000000000000000225,ST00225,10000000,0x3078303030303100000000000000000000000000000000000000000000000000,1668054112
0x2022111013215200000000000000000000000000000000000000000000000226,ST00226,10000000,0x3078303030303100000000000000000000000000000000000000000000000000,1668054112
0x2022111013215200000000000000000000000000000000000000000000000227,ST00227,10000000,0x3078303030303100000000000000000000000000000000000000000000000000,1668054112
0x2022111013215200000000000000000000000000000000000000000000000228,ST00228,10000000,0x3078303030303100000000000000000000000000000000000000000000000000,1668054112
0x2022111013215200000000000000000000000000000000000000000000000229,ST00229,10000000,0x3078303030303100000000000000000000000000000000000000000000000000,1668054112
0x2022111013215200000000000000000000000000000000000000000000000230,ST00230,10000000,0x3078303030303100000000000000000000000000000000000000000000000000,1668054112
0x2022111013215200000000000000000000000000000000000000000000000231,ST00231,10000000,0x3078303030303100000000000000000000000000000000000000000000000000,1668054112
0x2022111013215200000000000000000000000000000000000000000000000232,ST00232,10000000,0x3078303030303100000000000000000000000000000000000000000000000000,1668054112
0x2022111013215200000000000000000000000000000000000000000000000233,ST00233,10000000,0x3078303030303100000000000000000000000000000000000000000000000000,1668054112
0x2022111013215200000000000000000000000000000000000000000000000234,ST00234,10000000,0x3078303030303100000000000000000000000000000000000000000000000000,1668054112
0x2022111013215200000000000000000000000000000000000000000000000235,ST00235,10000000,0x3078303030303100000000000000000000000000000000000000000000000000,1668054112
0x2022111013215200000000000000000000000000000000000000000000000236,ST00236,10000000,0x3078303030303100000000000000000000000000000000000000000000000000,1668054112
0x2022111013215200000000000000000000000000000000000000000000000237,ST00237,10000000,0x3078303030303100000000000000000000000000000000000000000000000000,1668054112
0x2022111013215200000000000000000000000000000000000000000000000238,ST00238,10000000,0x3078303030303100000000000000000000000000000000000000000000000000,1668054112
0x2022111013215200000000000000000000000000000000000000000000000239,ST00239,10000000,0x3078303030303100000000000000000000000000000000000000000000000000,1668054112
0x2022111013215200000000000000000000000000000000000000000000000240,ST00240,10000000,0x3078303030303100000000000000000000000000000000000000000000000000,1668054112
0x2022111013215200000000000000000000000000000000000000000000000241,ST00241,10000000,0x3078303030303100000000000000000000000000000000000000000000000000,1668054112
0x2022111013215200000000000000000000000000000000000000000000000242,ST00242,10000000,0x3078303030303100000000000000000000000000000000000000000000000000,1668054112
0x2022111013215200000000000000000000000000000000000000000000000243,ST00243,10000000,0x3078303030303100000000000000000000000000000000000000000000000000,1668054112
0x2022111013215200000000000000000000000000000000000000000000000244,ST00244,10000000,0x3078303030303100000000000000000000000000000000000000000000000000,1668054112
0x2022111013215200000000000000000000000000000000000000000000000245,ST00245,10000000,0x3078303030303100000000000000000000000000000000000000000000000000,1668054112
0x2022111013215200000000000000000000000000000000000000000000000246,ST00246,10000000,0x3078303030303100000000000000000000000000000000000000000000000000,1668054112
0x2022111013215200000000000000000000000000000000000000000000000247,ST00247,10000000,0x3078303030303100000000000000000000000000000000000000000000000000,1668054112
0x2022111013215200000000000000000000000000000000000000000000000248,ST00248,10000000,0x3078303030303100000000000000000000000000000000000000000000000000,1668054112
0x2022111013215200000000000000000000000000000000000000000000000249,ST00249,10000000,0x3078303030303100000000000000000000000000000000000000000000000000,1668054112
0x2022111013215200000000000000000000000000000000000000000000000250,ST00250,10000000,0x3078303030303100000000000000000000000000000000000000000000000000,1668054112
0x2022111013215200000000000000000000000000000000000000000000000251,ST00251,10000000,0x3078303030303100000000000000000000000000000000000000000000000000,1668054112
0x2022111013215200000000000000000000000000000000000000000000000252,ST00252,10000000,0x3078303030303100000000000000000000000000000000000000000000000000,1668054112
0x2022111013215200000000000000000000000000000000000000000000000253,ST00253,10000000,0x3078303030303100000000000000000000000000000000000000000000000000,1668054112
0x2022111013215200000000000000000000000000000000000000000000000254,ST00254,10000000,0x3078303030303100000000000000000000000000000000000000000000000000,1668054112
0x2022111013215200000000000000000000000000000000000000000000000255,ST00255,10000000,0x3078303030303100000000000000000000000000000000000000000000000000,1668054112
0x2022111013215200000000000000000000000000000000000000000000000256,ST00256,10000000,0x3078303030303100000000000000000000000000000000000000000000000000,1668054112
0x2022111013215200000000000000000000000000000000000000000000000257,ST00257,10000000,0x3078303030303100000000000000000000000000000000000000000000000000,1668054112
0x2022111013215200000000000000000000000000000000000000000000000258,ST00258,10000000,0x3078303030303100000000000000000000000000000000000000000000000000,1668054112
0x2022111013215200000000000000000000000000000000000000000000000259,ST00259,10000000,0x3078303030303100000000000000000000000000000000000000000000000000,1668054112
0x2022111013215200000000000000000000000000000000000000000000000260,ST00260,10000000,0x3078303030303100000000000000000000000000000000000000000000000000,1668054112
0x2022111013215200000000000000000000000000000000000000000000000261,ST00261,10000000,0x3078303030303100000000000000000000000000000000000000000000000000,1668054112
0x2022111013215200000000000000000000000000000000000000000000000262,ST00262,10000000,0x3078303030303100000000000000000000000000000000000000000000000000,1668054112
0x2022111013215200000000000000000000000000000000000000000000000263,ST00263,10000000,0x3078303030303100000000000000000000000000000000000000000000000000,1668054112
0x2022111013215200000000000000000000000000000000000000000000000264,ST00264,10000000,0x3078303030303100000000000000000000000000000000000000000000000000,1668054112
0x2022111013215200000000000000000000000000000000000000000000000265,ST00265,10000000,0x3078303030303100000000000000000000000000000000000000000000000000,1668054112
0x2022111013215200000000000000000000000000000000000000000000000266,ST00266,10000000,0x3078303030303100000000000000000000000000000000000000000000000000,1668054112
0x2022111013215200000000000000000000000000000000000000000000000267,ST00267,10000000,0x3078303030303100000000000000000000000000000000000000000000000000,1668054112
0x2022111013215200000000000000000000000000000000000000000000000268,ST00268,10000000,0x3078303030303100000000000000000000000000000000000000000000000000,1668054112
0x2022111013215200000000000000000000000000000000000000000000000269,ST00269,10000000,0x3078303030303100000000000000000000000000000000000000000000000000,1668054112
0x2022111013215200000000000000000000000000000000000000000000000270,ST00270,10000000,0x3078303030303100000000000000000000000000000000000000000000000000,1668054112
0x2022111013215200000000000000000000000000000000000000000000000271,ST00271,10000000,0x3078303030303100000000000000000000000000000000000000000000000000,1668054112
0x2022111013215200000000000000000000000000000000000000000000000272,ST00272,10000000,0x3078303030303100000000000000000000000000000000000000000000000000,1668054112
0x2022111013215200000000000000000000000000000000000000000000000273,ST00273,10000000,0x3078303030303100000000000000000000000000000000000000000000000000,1668054112
0x2022111013215200000000000000000000000000000000000000000000000274,ST00274,10000000,0x3078303030303100000000000000000000000000000000000000000000000000,1668054112
0x2022111013215200000000000000000000000000000000000000000000000275,ST00275,10000000,0x3078303030303100000000000000000000000000000000000000000000000000,1668054112
0x2022111013215200000000000000000000000000000000000000000000000276,ST00276,10000000,0x3078303030303100000000000000000000000000000000000000000000000000,1668054112
0x2022111013215200000000000000000000000000000000000000000000000277,ST00277,10000000,0x3078303030303100000000000000000000000000000000000000000000000000,1668054112
0x2022111013215200000000000000000000000000000000000000000000000278,ST00278,10000000,0x3078303030303100000000000000000000000000000000000000000000000000,1668054112
0x2022111013215200000000000000000000000000000000000000000000000279,ST00279,10000000,0x3078303030303100000000000000000000000000000000000000000000000000,1668054112
0x2022111013215200000000000000000000000000000000000000000000000280,ST00280,10000000,0x3078303030303100000000000000000000000000000000000000000000000000,1668054112
0x2022111013215200000000000000000000000000000000000000000000000281,ST00281,10000000,0x3078303030303100000000000000000000000000000000000000000000000000,1668054112
0x2022111013215200000000000000000000000000000000000000000000000282,ST00282,10000000,0x3078303030303100000000000000000000000000000000000000000000000000,1668054112
0x2022111013215200000000000000000000000000000000000000000000000283,ST00283,10000000,0x3078303030303100000000000000000000000000000000000000000000000000,1668054112
0x2022111013215200000000000000000000000000000000000000000000000284,ST00284,10000000,0x3078303030303100000000000000000000000000000000000000000000000000,1668054112
0x2022111013215200000000000000000000000000000000000000000000000285,ST00285,10000000,0x3078303030303100000000000000000000000000000000000000000000000000,1668054112
0x2022111013215200000000000000000000000000000000000000000000000286,ST00286,10000000,0x3078303030303100000000000000000000000000000000000000000000000000,1668054112
0x2022111013215200000000000000000000000000000000000000000000000287,ST00287,10000000,0x3078303030303100000000000000000000000000000000000000000000000000,1668054112
0x2022111013215200000000000000000000000000000000000000000000000288,ST00288,10000000,0x3078303030303100000000000000000000000000000000000000000000000000,1668054112
0x2022111013215200000000000000000000000000000000000000000000000289,ST00289,10000000,0x3078303030303100000000000000000000000000000000000000000000000000,1668054112
0x2022111013215200000000000000000000000000000000000000000000000290,ST00290,10000000,0x3078303030303100000000000000000000000000000000000000000000000000,1668054112
0x2022111013215200000000000000000000000000000000000000000000000291,ST00291,10000000,0x3078303030303100000000000000000000000000000000000000000000000000,1668054112
0x2022111013215200000000000000000000000000000000000000000000000292,ST00292,10000000,0x3078303030303100000000000000000000000000000000000000000000000000,1668054112
0x2022111013215200000000000000000000000000000000000000000000000293,ST00293,10000000,0x3078303030303100000000000000000000000000000000000000000000000000,1668054112
0x2022111013215200000000000000000000000000000000000000000000000294,ST00294,10000000,0x3078303030303100000000000000000000000000000000000000000000000000,1668054112
0x2022111013215200000000000000000000000000000000000000000000000295,ST00295,10000000,0x3078303030303100000000000000000000000000000000000000000000000000,1668054112
0x2022111013215200000000000000000000000000000000000000000000000296,ST00296,10000000,0x3078303030303100000000000000000000000000000000000000000000000000,1668054112
0x2022111013215200000000000000000000000000000000000000000000000297,ST00297,10000000,0x3078303030303100000000000000000000000000000000000000000000000000,1668054112
0x2022111013215200000000000000000000000000000000000000000000000298,ST00298,10000000,0x3078303030303100000000000000000000000000000000000000000000000000,1668054112
0x2022111013215200000000000000000000000000000000000000000000000299,ST00299,10000000,0x3078303030303100000000000000000000000000000000000000000000000000,1668054112
0x2022111013215200000000000000000000000000000000000000000000000300,ST00300,10000000,0x3078303030303100000000000000000000000000000000000000000000000000,1668054112
0x2022111013215200000000000000000000000000000000000000000000000301,ST00301,10000000,0x3078303030303100000000000000000000000000000000000000000000000000,1668054112
0x2022111013215200000000000000000000000000000000000000000000000302,ST00302,10000000,0x3078303030303100000000000000000000000000000000000000000000000000,1668054112
0x2022111013215200000000000000000000000000000000000000000000000303,ST00303,10000000,0x3078303030303100000000000000000000000000000000000000000000000000,1668054112
0x2022111013215200000000000000000000000000000000000000000000000304,ST00304,10000000,0x3078303030303100000000000000000000000000000000000000000000000000,1668054112
0x2022111013215200000000000000000000000000000000000000000000000305,ST00305,10000000,0x3078303030303100000000000000000000000000000000000000000000000000,1668054112
0x2022111013215200000000000000000000000000000000000000000000000306,ST00306,10000000,0x3078303030303100000000000000000000000000000000000000000000000000,1668054112
0x2022111013215200000000000000000000000000000000000000000000000307,ST00307,10000000,0x3078303030303100000000000000000000000000000000000000000000000000,1668054112
0x2022111013215200000000000000000000000000000000000000000000000308,ST00308,10000000,0x3078303030303100000000000000000000000000000000000000000000000000,1668054112
0x2022111013215200000000000000000000000000000000000000000000000309,ST00309,10000000,0x3078303030303100000000000000000000000000000000000000000000000000,1668054112
0x2022111013215200000000000000000000000000000000000000000000000310,ST00310,10000000,0x3078303030303100000000000000000000000000000000000000000000000000,1668054112
0x2022111013215200000000000000000000000000000000000000000000000311,ST00311,10000000,0x3078303030303100000000000000000000000000000000000000000000000000,1668054112
0x2022111013215200000000000000000000000000000000000000000000000312,ST00312,10000000,0x3078303030303100000000000000000000000000000000000000000000000000,1668054112
0x2022111013215200000000000000000000000000000000000000000000000313,ST00313,10000000,0x3078303030303100000000000000000000000000000000000000000000000000,1668054112
0x2022111013215200000000000000000000000000000000000000000000000314,ST00314,10000000,0x3078303030303100000000000000000000000000000000000000000000000000,1668054112
0x2022111013215200000000000000000000000000000000000000000000000315,ST00315,10000000,0x3078303030303100000000000000000000000000000000000000000000000000,1668054112
0x2022111013215200000000000000000000000000000000000000000000000316,ST00316,10000000,0x3078303030303100000000000000000000000000000000000000000000000000,1668054112
0x2022111013215200000000000000000000000000000000000000000000000317,ST00317,10000000,0x3078303030303100000000000000000000000000000000000000000000000000,1668054112
0x2022111013215200000000000000000000000000000000000000000000000318,ST00318,10000000,0x3078303030303100000000000000000000000000000000000000000000000000,1668054112
0x2022111013215200000000000000000000000000000000000000000000000319,ST00319,10000000,0x3078303030303100000000000000000000000000000000000000000000000000,1668054112
0x2022111013215200000000000000000000000000000000000000000000000320,ST00320,10000000,0x3078303030303100000000000000000000000000000000000000000000000000,1668054112
0x2022111013215200000000000000000000000000000000000000000000000321,ST00321,10000000,0x3078303030303100000000000000000000000000000000000000000000000000,1668054112
0x2022111013215200000000000000000000000000000000000000000000000322,ST00322,10000000,0x3078303030303100000000000000000000000000000000000000000000000000,1668054112
0x2022111013215200000000000000000000000000000000000000000000000323,ST00323,10000000,0x3078303030303100000000000000000000000000000000000000000000000000,1668054112
0x2022111013215200000000000000000000000000000000000000000000000324,ST00324,10000000,0x3078303030303100000000000000000000000000000000000000000000000000,1668054112
0x2022111013215200000000000000000000000000000000000000000000000325,ST00325,10000000,0x3078303030303100000000000000000000000000000000000000000000000000,1668054112
0x2022111013215200000000000000000000000000000000000000000000000326,ST00326,10000000,0x3078303030303100000000000000000000000000000000000000000000000000,1668054112
0x2022111013215200000000000000000000000000000000000000000000000327,ST00327,10000000,0x3078303030303100000000000000000000000000000000000000000000000000,1668054112
0x2022111013215200000000000000000000000000000000000000000000000328,ST00328,10000000,0x3078303030303100000000000000000000000000000000000000000000000000,1668054112
0x2022111013215200000000000000000000000000000000000000000000000329,ST00329,10000000,0x3078303030303100000000000000000000000000000000000000000000000000,1668054112
0x2022111013215200000000000000000000000000000000000000000000000330,ST00330,10000000,0x3078303030303100000000000000000000000000000000000000000000000000,1668054112
0x2022111013215200000000000000000000000000000000000000000000000331,ST00331,10000000,0x3078303030303100000000000000000000000000000000000000000000000000,1668054112
0x2022111013215200000000000000000000000000000000000000000000000332,ST00332,10000000,0x3078303030303100000000000000000000000000000000000000000000000000,1668054112
0x2022111013215200000000000000000000000000000000000000000000000333,ST00333,10000000,0x3078303030303100000000000000000000000000000000000000000000000000,1668054112
0x2022111013215200000000000000000000000000000000000000000000000334,ST00334,10000000,0x3078303030303100000000000000000000000000000000000000000000000000,1668054112
0x2022111013215200000000000000000000000000000000000000000000000335,ST00335,10000000,0x3078303030303100000000000000000000000000000000000000000000000000,1668054112
0x2022111013215200000000000000000000000000000000000000000000000336,ST00336,10000000,0x3078303030303100000000000000000000000000000000000000000000000000,1668054112
0x2022111013215200000000000000000000000000000000000000000000000337,ST00337,10000000,0x3078303030303100000000000000000000000000000000000000000000000000,1668054112
0x2022111013215200000000000000000000000000000000000000000000000338,ST00338,10000000,0x3078303030303100000000000000000000000000000000000000000000000000,1668054112
0x2022111013215200000000000000000000000000000000000000000000000339,ST00339,10000000,0x3078303030303100000000000000000000000000000000000000000000000000,1668054112
0x2022111013215200000000000000000000000000000000000000000000000340,ST00340,10000000,0x3078303030303100000000000000000000000000000000000000000000000000,1668054112
0x2022111013215200000000000000000000000000000000000000000000000341,ST00341,10000000,0x3078303030303100000000000000000000000000000000000000000000000000,1668054112
0x2022111013215200000000000000000000000000000000000000000000000342,ST00342,10000000,0x3078303030303100000000000000000000000000000000000000000000000000,1668054112
0x2022111013215200000000000000000000000000000000000000000000000343,ST00343,10000000,0x3078303030303100000000000000000000000000000000000000000000000000,1668054112
0x2022111013215200000000000000000000000000000000000000000000000344,ST00344,10000000,0x3078303030303100000000000000000000000000000000000000000000000000,1668054112
0x2022111013215200000000000000000000000000000000000000000000000345,ST00345,10000000,0x3078303030303100000000000000000000000000000000000000000000000000,1668054112
0x2022111013215200000000000000000000000000000000000000000000000346,ST00346,10000000,0x3078303030303100000000000000000000000000000000000000000000000000,1668054112
0x2022111013215200000000000000000000000000000000000000000000000347,ST00347,10000000,0x3078303030303100000000000000000000000000000000000000000000000000,1668054112
0x2022111013215200000000000000000000000000000000000000000000000348,ST00348,10000000,0x3078303030303100000000000000000000000000000000000000000000000000,1668054112
0x2022111013215200000000000000000000000000000000000000000000000349,ST00349,10000000,0x3078303030303100000000000000000000000000000000000000000000000000,1668054112
0x2022111013215200000000000000000000000000000000000000000000000350,ST00350,10000000,0x3078303030303100000000000000000000000000000000000000000000000000,1668054112
0x2022111013215200000000000000000000000000000000000000000000000351,ST00351,10000000,0x3078303030303100000000000000000000000000000000000000000000000000,1668054112
0x2022111013215200000000000000000000000000000000000000000000000352,ST00352,10000000,0x3078303030303100000000000000000000000000000000000000000000000000,1668054112
0x2022111013215200000000000000000000000000000000000000000000000353,ST00353,10000000,0x3078303030303100000000000000000000000000000000000000000000000000,1668054112
0x2022111013215200000000000000000000000000000000000000000000000354,ST00354,10000000,0x3078303030303100000000000000000000000000000000000000000000000000,1668054112
0x2022111013215200000000000000000000000000000000000000000000000355,ST00355,10000000,0x3078303030303100000000000000000000000000000000000000000000000000,1668054112
0x2022111013215200000000000000000000000000000000000000000000000356,ST00356,10000000,0x3078303030303100000000000000000000000000000000000000000000000000,1668054112
