data,value,to
0xb962da0e202211101321520000000000000000000000000000000000000000000000000100000000000000000000000000000000000000000000000000038d7ea4c680000000000000000000000000000000000000000000000000000000000000000002,0,0x02C7fff37b7D1B991De156836ddA43425C434daA
0xb962da0e202211101321520000000000000000000000000000000000000000000000000200000000000000000000000000000000000000000000000000038d7ea4c680000000000000000000000000000000000000000000000000000000000000000002,0,0x02C7fff37b7D1B991De156836ddA43425C434daA
0xb962da0e202211101321520000000000000000000000000000000000000000000000000300000000000000000000000000000000000000000000000000038d7ea4c680000000000000000000000000000000000000000000000000000000000000000002,0,0x02C7fff37b7D1B991De156836ddA43425C434daA
0xb962da0e202211101321520000000000000000000000000000000000000000000000000400000000000000000000000000000000000000000000000000038d7ea4c680000000000000000000000000000000000000000000000000000000000000000002,0,0x02C7fff37b7D1B991De156836ddA43425C434daA
0xb962da0e202211101321520000000000000000000000000000000000000000000000000500000000000000000000000000000000000000000000000000038d7ea4c680000000000000000000000000000000000000000000000000000000000000000002,0,0x02C7fff37b7D1B991De156836ddA43425C434daA
0xb962da0e202211101321520000000000000000000000000000000000000000000000000600000000000000000000000000000000000000000000000000038d7ea4c680000000000000000000000000000000000000000000000000000000000000000002,0,0x02C7fff37b7D1B991De156836ddA43425C434daA
0xb962da0e202211101321520000000000000000000000000000000000000000000000000700000000000000000000000000000000000000000000000000038d7ea4c680000000000000000000000000000000000000000000000000000000000000000002,0,0x02C7fff37b7D1B991De156836ddA43425C434daA
0xb962da0e202211101321520000000000000000000000000000000000000000000000000800000000000000000000000000000000000000000000000000038d7ea4c680000000000000000000000000000000000000000000000000000000000000000002,0,0x02C7fff37b7D1B991De156836ddA43425C434daA
0xb962da0e202211101321520000000000000000000000000000000000000000000000000900000000000000000000000000000000000000000000000000038d7ea4c680000000000000000000000000000000000000000000000000000000000000000002,0,0x02C7fff37b7D1B991De156836ddA43425C434daA
0xb962da0e202211101321520000000000000000000000000000000000000000000000001000000000000000000000000000000000000000000000000000038d7ea4c680000000000000000000000000000000000000000000000000000000000000000002,0,0x02C7fff37b7D1B991De156836ddA43425C434daA
0xb962da0e202211101321520000000000000000000000000000000000000000000000001100000000000000000000000000000000000000000000000000038d7ea4c680000000000000000000000000000000000000000000000000000000000000000002,0,0x02C7fff37b7D1B991De156836ddA43425C434daA
0xb962da0e202211101321520000000000000000000000000000000000000000000000001200000000000000000000000000000000000000000000000000038d7ea4c680000000000000000000000000000000000000000000000000000000000000000002,0,0x02C7fff37b7D1B991De156836ddA43425C434daA
0xb962da0e202211101321520000000000000000000000000000000000000000000000001300000000000000000000000000000000000000000000000000038d7ea4c680000000000000000000000000000000000000000000000000000000000000000002,0,0x02C7fff37b7D1B991De156836ddA43425C434daA
0xb962da0e202211101321520000000000000000000000000000000000000000000000001400000000000000000000000000000000000000000000000000038d7ea4c680000000000000000000000000000000000000000000000000000000000000000002,0,0x02C7fff37b7D1B991De156836ddA43425C434daA
0xb962da0e202211101321520000000000000000000000000000000000000000000000001500000000000000000000000000000000000000000000000000038d7ea4c680000000000000000000000000000000000000000000000000000000000000000002,0,0x02C7fff37b7D1B991De156836ddA43425C434daA
0xb962da0e202211101321520000000000000000000000000000000000000000000000001600000000000000000000000000000000000000000000000000038d7ea4c680000000000000000000000000000000000000000000000000000000000000000002,0,0x02C7fff37b7D1B991De156836ddA43425C434daA
0xb962da0e202211101321520000000000000000000000000000000000000000000000001700000000000000000000000000000000000000000000000000038d7ea4c680000000000000000000000000000000000000000000000000000000000000000002,0,0x02C7fff37b7D1B991De156836ddA43425C434daA
0xb962da0e202211101321520000000000000000000000000000000000000000000000001800000000000000000000000000000000000000000000000000038d7ea4c680000000000000000000000000000000000000000000000000000000000000000002,0,0x02C7fff37b7D1B991De156836ddA43425C434daA
0xb962da0e202211101321520000000000000000000000000000000000000000000000001900000000000000000000000000000000000000000000000000038d7ea4c680000000000000000000000000000000000000000000000000000000000000000002,0,0x02C7fff37b7D1B991De156836ddA43425C434daA
0xb962da0e202211101321520000000000000000000000000000000000000000000000002000000000000000000000000000000000000000000000000000038d7ea4c680000000000000000000000000000000000000000000000000000000000000000002,0,0x02C7fff37b7D1B991De156836ddA43425C434daA
0xb962da0e202211101321520000000000000000000000000000000000000000000000002100000000000000000000000000000000000000000000000000038d7ea4c680000000000000000000000000000000000000000000000000000000000000000002,0,0x02C7fff37b7D1B991De156836ddA43425C434daA
0xb962da0e202211101321520000000000000000000000000000000000000000000000002200000000000000000000000000000000000000000000000000038d7ea4c680000000000000000000000000000000000000000000000000000000000000000002,0,0x02C7fff37b7D1B991De156836ddA43425C434daA
0xb962da0e202211101321520000000000000000000000000000000000000000000000002300000000000000000000000000000000000000000000000000038d7ea4c680000000000000000000000000000000000000000000000000000000000000000002,0,0x02C7fff37b7D1B991De156836ddA43425C434daA
0xb962da0e202211101321520000000000000000000000000000000000000000000000002400000000000000000000000000000000000000000000000000038d7ea4c680000000000000000000000000000000000000000000000000000000000000000002,0,0x02C7fff37b7D1B991De156836ddA43425C434daA
0xb962da0e202211101321520000000000000000000000000000000000000000000000002500000000000000000000000000000000000000000000000000038d7ea4c680000000000000000000000000000000000000000000000000000000000000000002,0,0x02C7fff37b7D1B991De156836ddA43425C434daA
0xb962da0e202211101321520000000000000000000000000000000000000000000000002600000000000000000000000000000000000000000000000000038d7ea4c680000000000000000000000000000000000000000000000000000000000000000002,0,0x02C7fff37b7D1B991De156836ddA43425C434daA
0xb962da0e202211101321520000000000000000000000000000000000000000000000002700000000000000000000000000000000000000000000000000038d7ea4c680000000000000000000000000000000000000000000000000000000000000000002,0,0x02C7fff37b7D1B991De156836ddA43425C434daA
0xb962da0e202211101321520000000000000000000000000000000000000000000000002800000000000000000000000000000000000000000000000000038d7ea4c680000000000000000000000000000000000000000000000000000000000000000002,0,0x02C7fff37b7D1B991De156836ddA43425C434daA
0xb962da0e202211101321520000000000000000000000000000000000000000000000002900000000000000000000000000000000000000000000000000038d7ea4c680000000000000000000000000000000000000000000000000000000000000000002,0,0x02C7fff37b7D1B991De156836ddA43425C434daA
0xb962da0e202211101321520000000000000000000000000000000000000000000000003000000000000000000000000000000000000000000000000000038d7ea4c680000000000000000000000000000000000000000000000000000000000000000002,0,0x02C7fff37b7D1B991De156836ddA43425C434daA
0xb962da0e202211101321520000000000000000000000000000000000000000000000003100000000000000000000000000000000000000000000000000038d7ea4c680000000000000000000000000000000000000000000000000000000000000000002,0,0x02C7fff37b7D1B991De156836ddA43425C434daA
0xb962da0e202211101321520000000000000000000000000000000000000000000000003200000000000000000000000000000000000000000000000000038d7ea4c680000000000000000000000000000000000000000000000000000000000000000002,0,0x02C7fff37b7D1B991De156836ddA43425C434daA
0xb962da0e202211101321520000000000000000000000000000000000000000000000003300000000000000000000000000000000000000000000000000038d7ea4c680000000000000000000000000000000000000000000000000000000000000000002,0,0x02C7fff37b7D1B991De156836ddA43425C434daA
0xb962da0e202211101321520000000000000000000000000000000000000000000000003400000000000000000000000000000000000000000000000000038d7ea4c680000000000000000000000000000000000000000000000000000000000000000002,0,0x02C7fff37b7D1B991De156836ddA43425C434daA
0xb962da0e202211101321520000000000000000000000000000000000000000000000003500000000000000000000000000000000000000000000000000038d7ea4c680000000000000000000000000000000000000000000000000000000000000000002,0,0x02C7fff37b7D1B991De156836ddA43425C434daA
0xb962da0e202211101321520000000000000000000000000000000000000000000000003600000000000000000000000000000000000000000000000000038d7ea4c680000000000000000000000000000000000000000000000000000000000000000002,0,0x02C7fff37b7D1B991De156836ddA43425C434daA
0xb962da0e202211101321520000000000000000000000000000000000000000000000003700000000000000000000000000000000000000000000000000038d7ea4c680000000000000000000000000000000000000000000000000000000000000000002,0,0x02C7fff37b7D1B991De156836ddA43425C434daA
0xb962da0e202211101321520000000000000000000000000000000000000000000000003800000000000000000000000000000000000000000000000000038d7ea4c680000000000000000000000000000000000000000000000000000000000000000002,0,0x02C7fff37b7D1B991De156836ddA43425C434daA
0xb962da0e202211101321520000000000000000000000000000000000000000000000003900000000000000000000000000000000000000000000000000038d7ea4c680000000000000000000000000000000000000000000000000000000000000000002,0,0x02C7fff37b7D1B991De156836ddA43425C434daA
0xb962da0e202211101321520000000000000000000000000000000000000000000000004000000000000000000000000000000000000000000000000000038d7ea4c680000000000000000000000000000000000000000000000000000000000000000002,0,0x02C7fff37b7D1B991De156836ddA43425C434daA
0xb962da0e202211101321520000000000000000000000000000000000000000000000004100000000000000000000000000000000000000000000000000038d7ea4c680000000000000000000000000000000000000000000000000000000000000000002,0,0x02C7fff37b7D1B991De156836ddA43425C434daA
0xb962da0e202211101321520000000000000000000000000000000000000000000000004200000000000000000000000000000000000000000000000000038d7ea4c680000000000000000000000000000000000000000000000000000000000000000002,0,0x02C7fff37b7D1B991De156836ddA43425C434daA
0xb962da0e202211101321520000000000000000000000000000000000000000000000004300000000000000000000000000000000000000000000000000038d7ea4c680000000000000000000000000000000000000000000000000000000000000000002,0,0x02C7fff37b7D1B991De156836ddA43425C434daA
0xb962da0e202211101321520000000000000000000000000000000000000000000000004400000000000000000000000000000000000000000000000000038d7ea4c680000000000000000000000000000000000000000000000000000000000000000002,0,0x02C7fff37b7D1B991De156836ddA43425C434daA
0xb962da0e202211101321520000000000000000000000000000000000000000000000004500000000000000000000000000000000000000000000000000038d7ea4c680000000000000000000000000000000000000000000000000000000000000000002,0,0x02C7fff37b7D1B991De156836ddA43425C434daA
0xb962da0e202211101321520000000000000000000000000000000000000000000000004600000000000000000000000000000000000000000000000000038d7ea4c680000000000000000000000000000000000000000000000000000000000000000002,0,0x02C7fff37b7D1B991De156836ddA43425C434daA
0xb962da0e202211101321520000000000000000000000000000000000000000000000004700000000000000000000000000000000000000000000000000038d7ea4c680000000000000000000000000000000000000000000000000000000000000000002,0,0x02C7fff37b7D1B991De156836ddA43425C434daA
0xb962da0e202211101321520000000000000000000000000000000000000000000000004800000000000000000000000000000000000000000000000000038d7ea4c680000000000000000000000000000000000000000000000000000000000000000002,0,0x02C7fff37b7D1B991De156836ddA43425C434daA
0xb962da0e202211101321520000000000000000000000000000000000000000000000004900000000000000000000000000000000000000000000000000038d7ea4c680000000000000000000000000000000000000000000000000000000000000000002,0,0x02C7fff37b7D1B991De156836ddA43425C434daA
0xb962da0e202211101321520000000000000000000000000000000000000000000000005000000000000000000000000000000000000000000000000000038d7ea4c680000000000000000000000000000000000000000000000000000000000000000002,0,0x02C7fff37b7D1B991De156836ddA43425C434daA
0xb962da0e202211101321520000000000000000000000000000000000000000000000005100000000000000000000000000000000000000000000000000038d7ea4c680000000000000000000000000000000000000000000000000000000000000000002,0,0x02C7fff37b7D1B991De156836ddA43425C434daA
0xb962da0e202211101321520000000000000000000000000000000000000000000000005200000000000000000000000000000000000000000000000000038d7ea4c680000000000000000000000000000000000000000000000000000000000000000002,0,0x02C7fff37b7D1B991De156836ddA43425C434daA
0xb962da0e202211101321520000000000000000000000000000000000000000000000005300000000000000000000000000000000000000000000000000038d7ea4c680000000000000000000000000000000000000000000000000000000000000000002,0,0x02C7fff37b7D1B991De156836ddA43425C434daA
0xb962da0e202211101321520000000000000000000000000000000000000000000000005400000000000000000000000000000000000000000000000000038d7ea4c680000000000000000000000000000000000000000000000000000000000000000002,0,0x02C7fff37b7D1B991De156836ddA43425C434daA
0xb962da0e202211101321520000000000000000000000000000000000000000000000005500000000000000000000000000000000000000000000000000038d7ea4c680000000000000000000000000000000000000000000000000000000000000000002,0,0x02C7fff37b7D1B991De156836ddA43425C434daA
0xb962da0e202211101321520000000000000000000000000000000000000000000000005600000000000000000000000000000000000000000000000000038d7ea4c680000000000000000000000000000000000000000000000000000000000000000002,0,0x02C7fff37b7D1B991De156836ddA43425C434daA
0xb962da0e202211101321520000000000000000000000000000000000000000000000005700000000000000000000000000000000000000000000000000038d7ea4c680000000000000000000000000000000000000000000000000000000000000000002,0,0x02C7fff37b7D1B991De156836ddA43425C434daA
0xb962da0e202211101321520000000000000000000000000000000000000000000000005800000000000000000000000000000000000000000000000000038d7ea4c680000000000000000000000000000000000000000000000000000000000000000002,0,0x02C7fff37b7D1B991De156836ddA43425C434daA
0xb962da0e202211101321520000000000000000000000000000000000000000000000005900000000000000000000000000000000000000000000000000038d7ea4c680000000000000000000000000000000000000000000000000000000000000000002,0,0x02C7fff37b7D1B991De156836ddA43425C434daA
0xb962da0e202211101321520000000000000000000000000000000000000000000000006000000000000000000000000000000000000000000000000000038d7ea4c680000000000000000000000000000000000000000000000000000000000000000002,0,0x02C7fff37b7D1B991De156836ddA43425C434daA
0xb962da0e202211101321520000000000000000000000000000000000000000000000006100000000000000000000000000000000000000000000000000038d7ea4c680000000000000000000000000000000000000000000000000000000000000000002,0,0x02C7fff37b7D1B991De156836ddA43425C434daA
0xb962da0e202211101321520000000000000000000000000000000000000000000000006200000000000000000000000000000000000000000000000000038d7ea4c680000000000000000000000000000000000000000000000000000000000000000002,0,0x02C7fff37b7D1B991De156836ddA43425C434daA
0xb962da0e202211101321520000000000000000000000000000000000000000000000006300000000000000000000000000000000000000000000000000038d7ea4c680000000000000000000000000000000000000000000000000000000000000000002,0,0x02C7fff37b7D1B991De156836ddA43425C434daA
0xb962da0e202211101321520000000000000000000000000000000000000000000000006400000000000000000000000000000000000000000000000000038d7ea4c680000000000000000000000000000000000000000000000000000000000000000002,0,0x02C7fff37b7D1B991De156836ddA43425C434daA
0xb962da0e202211101321520000000000000000000000000000000000000000000000006500000000000000000000000000000000000000000000000000038d7ea4c680000000000000000000000000000000000000000000000000000000000000000002,0,0x02C7fff37b7D1B991De156836ddA43425C434daA
0xb962da0e202211101321520000000000000000000000000000000000000000000000006600000000000000000000000000000000000000000000000000038d7ea4c680000000000000000000000000000000000000000000000000000000000000000002,0,0x02C7fff37b7D1B991De156836ddA43425C434daA
0xb962da0e202211101321520000000000000000000000000000000000000000000000006700000000000000000000000000000000000000000000000000038d7ea4c680000000000000000000000000000000000000000000000000000000000000000002,0,0x02C7fff37b7D1B991De156836ddA43425C434daA
0xb962da0e202211101321520000000000000000000000000000000000000000000000006800000000000000000000000000000000000000000000000000038d7ea4c680000000000000000000000000000000000000000000000000000000000000000002,0,0x02C7fff37b7D1B991De156836ddA43425C434daA
0xb962da0e202211101321520000000000000000000000000000000000000000000000006900000000000000000000000000000000000000000000000000038d7ea4c680000000000000000000000000000000000000000000000000000000000000000002,0,0x02C7fff37b7D1B991De156836ddA43425C434daA
0xb962da0e202211101321520000000000000000000000000000000000000000000000007000000000000000000000000000000000000000000000000000038d7ea4c680000000000000000000000000000000000000000000000000000000000000000002,0,0x02C7fff37b7D1B991De156836ddA43425C434daA
0xb962da0e202211101321520000000000000000000000000000000000000000000000007100000000000000000000000000000000000000000000000000038d7ea4c680000000000000000000000000000000000000000000000000000000000000000002,0,0x02C7fff37b7D1B991De156836ddA43425C434daA
0xb962da0e202211101321520000000000000000000000000000000000000000000000007200000000000000000000000000000000000000000000000000038d7ea4c680000000000000000000000000000000000000000000000000000000000000000002,0,0x02C7fff37b7D1B991De156836ddA43425C434daA
0xb962da0e202211101321520000000000000000000000000000000000000000000000007300000000000000000000000000000000000000000000000000038d7ea4c680000000000000000000000000000000000000000000000000000000000000000002,0,0x02C7fff37b7D1B991De156836ddA43425C434daA
0xb962da0e202211101321520000000000000000000000000000000000000000000000007400000000000000000000000000000000000000000000000000038d7ea4c680000000000000000000000000000000000000000000000000000000000000000002,0,0x02C7fff37b7D1B991De156836ddA43425C434daA
0xb962da0e202211101321520000000000000000000000000000000000000000000000007500000000000000000000000000000000000000000000000000038d7ea4c680000000000000000000000000000000000000000000000000000000000000000002,0,0x02C7fff37b7D1B991De156836ddA43425C434daA
0xb962da0e202211101321520000000000000000000000000000000000000000000000007600000000000000000000000000000000000000000000000000038d7ea4c680000000000000000000000000000000000000000000000000000000000000000002,0,0x02C7fff37b7D1B991De156836ddA43425C434daA
0xb962da0e202211101321520000000000000000000000000000000000000000000000007700000000000000000000000000000000000000000000000000038d7ea4c680000000000000000000000000000000000000000000000000000000000000000002,0,0x02C7fff37b7D1B991De156836ddA43425C434daA
0xb962da0e202211101321520000000000000000000000000000000000000000000000007800000000000000000000000000000000000000000000000000038d7ea4c680000000000000000000000000000000000000000000000000000000000000000002,0,0x02C7fff37b7D1B991De156836ddA43425C434daA
0xb962da0e202211101321520000000000000000000000000000000000000000000000007900000000000000000000000000000000000000000000000000038d7ea4c680000000000000000000000000000000000000000000000000000000000000000002,0,0x02C7fff37b7D1B991De156836ddA43425C434daA
0xb962da0e202211101321520000000000000000000000000000000000000000000000008000000000000000000000000000000000000000000000000000038d7ea4c680000000000000000000000000000000000000000000000000000000000000000002,0,0x02C7fff37b7D1B991De156836ddA43425C434daA
0xb962da0e202211101321520000000000000000000000000000000000000000000000008100000000000000000000000000000000000000000000000000038d7ea4c680000000000000000000000000000000000000000000000000000000000000000002,0,0x02C7fff37b7D1B991De156836ddA43425C434daA
0xb962da0e202211101321520000000000000000000000000000000000000000000000008200000000000000000000000000000000000000000000000000038d7ea4c680000000000000000000000000000000000000000000000000000000000000000002,0,0x02C7fff37b7D1B991De156836ddA43425C434daA
0xb962da0e202211101321520000000000000000000000000000000000000000000000008300000000000000000000000000000000000000000000000000038d7ea4c680000000000000000000000000000000000000000000000000000000000000000002,0,0x02C7fff37b7D1B991De156836ddA43425C434daA
0xb962da0e202211101321520000000000000000000000000000000000000000000000008400000000000000000000000000000000000000000000000000038d7ea4c680000000000000000000000000000000000000000000000000000000000000000002,0,0x02C7fff37b7D1B991De156836ddA43425C434daA
0xb962da0e202211101321520000000000000000000000000000000000000000000000008500000000000000000000000000000000000000000000000000038d7ea4c680000000000000000000000000000000000000000000000000000000000000000002,0,0x02C7fff37b7D1B991De156836ddA43425C434daA
0xb962da0e202211101321520000000000000000000000000000000000000000000000008600000000000000000000000000000000000000000000000000038d7ea4c680000000000000000000000000000000000000000000000000000000000000000002,0,0x02C7fff37b7D1B991De156836ddA43425C434daA
0xb962da0e202211101321520000000000000000000000000000000000000000000000008700000000000000000000000000000000000000000000000000038d7ea4c680000000000000000000000000000000000000000000000000000000000000000002,0,0x02C7fff37b7D1B991De156836ddA43425C434daA
0xb962da0e202211101321520000000000000000000000000000000000000000000000008800000000000000000000000000000000000000000000000000038d7ea4c680000000000000000000000000000000000000000000000000000000000000000002,0,0x02C7fff37b7D1B991De156836ddA43425C434daA
0xb962da0e202211101321520000000000000000000000000000000000000000000000008900000000000000000000000000000000000000000000000000038d7ea4c680000000000000000000000000000000000000000000000000000000000000000002,0,0x02C7fff37b7D1B991De156836ddA43425C434daA
0xb962da0e202211101321520000000000000000000000000000000000000000000000009000000000000000000000000000000000000000000000000000038d7ea4c680000000000000000000000000000000000000000000000000000000000000000002,0,0x02C7fff37b7D1B991De156836ddA43425C434daA
0xb962da0e202211101321520000000000000000000000000000000000000000000000009100000000000000000000000000000000000000000000000000038d7ea4c680000000000000000000000000000000000000000000000000000000000000000002,0,0x02C7fff37b7D1B991De156836ddA43425C434daA
0xb962da0e202211101321520000000000000000000000000000000000000000000000009200000000000000000000000000000000000000000000000000038d7ea4c680000000000000000000000000000000000000000000000000000000000000000002,0,0x02C7fff37b7D1B991De156836ddA43425C434daA
0xb962da0e202211101321520000000000000000000000000000000000000000000000009300000000000000000000000000000000000000000000000000038d7ea4c680000000000000000000000000000000000000000000000000000000000000000002,0,0x02C7fff37b7D1B991De156836ddA43425C434daA
0xb962da0e202211101321520000000000000000000000000000000000000000000000009400000000000000000000000000000000000000000000000000038d7ea4c680000000000000000000000000000000000000000000000000000000000000000002,0,0x02C7fff37b7D1B991De156836ddA43425C434daA
0xb962da0e202211101321520000000000000000000000000000000000000000000000009500000000000000000000000000000000000000000000000000038d7ea4c680000000000000000000000000000000000000000000000000000000000000000002,0,0x02C7fff37b7D1B991De156836ddA43425C434daA
0xb962da0e202211101321520000000000000000000000000000000000000000000000009600000000000000000000000000000000000000000000000000038d7ea4c680000000000000000000000000000000000000000000000000000000000000000002,0,0x02C7fff37b7D1B991De156836ddA43425C434daA
0xb962da0e202211101321520000000000000000000000000000000000000000000000009700000000000000000000000000000000000000000000000000038d7ea4c680000000000000000000000000000000000000000000000000000000000000000002,0,0x02C7fff37b7D1B991De156836ddA43425C434daA
0xb962da0e202211101321520000000000000000000000000000000000000000000000009800000000000000000000000000000000000000000000000000038d7ea4c680000000000000000000000000000000000000000000000000000000000000000002,0,0x02C7fff37b7D1B991De156836ddA43425C434daA
0xb962da0e202211101321520000000000000000000000000000000000000000000000009900000000000000000000000000000000000000000000000000038d7ea4c680000000000000000000000000000000000000000000000000000000000000000002,0,0x02C7fff37b7D1B991De156836ddA43425C434daA
0xb962da0e202211101321520000000000000000000000000000000000000000000000010000000000000000000000000000000000000000000000000000038d7ea4c680000000000000000000000000000000000000000000000000000000000000000002,0,0x02C7fff37b7D1B991De156836ddA43425C434daA
0xb962da0e202211101321520000000000000000000000000000000000000000000000010100000000000000000000000000000000000000000000000000038d7ea4c680000000000000000000000000000000000000000000000000000000000000000002,0,0x02C7fff37b7D1B991De156836ddA43425C434daA
0xb962da0e202211101321520000000000000000000000000000000000000000000000010200000000000000000000000000000000000000000000000000038d7ea4c680000000000000000000000000000000000000000000000000000000000000000002,0,0x02C7fff37b7D1B991De156836ddA43425C434daA
0xb962da0e202211101321520000000000000000000000000000000000000000000000010300000000000000000000000000000000000000000000000000038d7ea4c680000000000000000000000000000000000000000000000000000000000000000002,0,0x02C7fff37b7D1B991De156836ddA43425C434daA
0xb962da0e202211101321520000000000000000000000000000000000000000000000010400000000000000000000000000000000000000000000000000038d7ea4c680000000000000000000000000000000000000000000000000000000000000000002,0,0x02C7fff37b7D1B991De156836ddA43425C434daA
0xb962da0e202211101321520000000000000000000000000000000000000000000000010500000000000000000000000000000000000000000000000000038d7ea4c680000000000000000000000000000000000000000000000000000000000000000002,0,0x02C7fff37b7D1B991De156836ddA43425C434daA
0xb962da0e202211101321520000000000000000000000000000000000000000000000010600000000000000000000000000000000000000000000000000038d7ea4c680000000000000000000000000000000000000000000000000000000000000000002,0,0x02C7fff37b7D1B991De156836ddA43425C434daA
0xb962da0e202211101321520000000000000000000000000000000000000000000000010700000000000000000000000000000000000000000000000000038d7ea4c680000000000000000000000000000000000000000000000000000000000000000002,0,0x02C7fff37b7D1B991De156836ddA43425C434daA
0xb962da0e202211101321520000000000000000000000000000000000000000000000010800000000000000000000000000000000000000000000000000038d7ea4c680000000000000000000000000000000000000000000000000000000000000000002,0,0x02C7fff37b7D1B991De156836ddA43425C434daA
0xb962da0e202211101321520000000000000000000000000000000000000000000000010900000000000000000000000000000000000000000000000000038d7ea4c680000000000000000000000000000000000000000000000000000000000000000002,0,0x02C7fff37b7D1B991De156836ddA43425C434daA
0xb962da0e202211101321520000000000000000000000000000000000000000000000011000000000000000000000000000000000000000000000000000038d7ea4c680000000000000000000000000000000000000000000000000000000000000000002,0,0x02C7fff37b7D1B991De156836ddA43425C434daA
0xb962da0e202211101321520000000000000000000000000000000000000000000000011100000000000000000000000000000000000000000000000000038d7ea4c680000000000000000000000000000000000000000000000000000000000000000002,0,0x02C7fff37b7D1B991De156836ddA43425C434daA
0xb962da0e202211101321520000000000000000000000000000000000000000000000011200000000000000000000000000000000000000000000000000038d7ea4c680000000000000000000000000000000000000000000000000000000000000000002,0,0x02C7fff37b7D1B991De156836ddA43425C434daA
0xb962da0e202211101321520000000000000000000000000000000000000000000000011300000000000000000000000000000000000000000000000000038d7ea4c680000000000000000000000000000000000000000000000000000000000000000002,0,0x02C7fff37b7D1B991De156836ddA43425C434daA
0xb962da0e202211101321520000000000000000000000000000000000000000000000011400000000000000000000000000000000000000000000000000038d7ea4c680000000000000000000000000000000000000000000000000000000000000000002,0,0x02C7fff37b7D1B991De156836ddA43425C434daA
0xb962da0e202211101321520000000000000000000000000000000000000000000000011500000000000000000000000000000000000000000000000000038d7ea4c680000000000000000000000000000000000000000000000000000000000000000002,0,0x02C7fff37b7D1B991De156836ddA43425C434daA
0xb962da0e202211101321520000000000000000000000000000000000000000000000011600000000000000000000000000000000000000000000000000038d7ea4c680000000000000000000000000000000000000000000000000000000000000000002,0,0x02C7fff37b7D1B991De156836ddA43425C434daA
0xb962da0e202211101321520000000000000000000000000000000000000000000000011700000000000000000000000000000000000000000000000000038d7ea4c680000000000000000000000000000000000000000000000000000000000000000002,0,0x02C7fff37b7D1B991De156836ddA43425C434daA
0xb962da0e202211101321520000000000000000000000000000000000000000000000011800000000000000000000000000000000000000000000000000038d7ea4c680000000000000000000000000000000000000000000000000000000000000000002,0,0x02C7fff37b7D1B991De156836ddA43425C434daA
0xb962da0e202211101321520000000000000000000000000000000000000000000000011900000000000000000000000000000000000000000000000000038d7ea4c680000000000000000000000000000000000000000000000000000000000000000002,0,0x02C7fff37b7D1B991De156836ddA43425C434daA
0xb962da0e202211101321520000000000000000000000000000000000000000000000012000000000000000000000000000000000000000000000000000038d7ea4c680000000000000000000000000000000000000000000000000000000000000000002,0,0x02C7fff37b7D1B991De156836ddA43425C434daA
0xb962da0e202211101321520000000000000000000000000000000000000000000000012100000000000000000000000000000000000000000000000000038d7ea4c680000000000000000000000000000000000000000000000000000000000000000002,0,0x02C7fff37b7D1B991De156836ddA43425C434daA
0xb962da0e202211101321520000000000000000000000000000000000000000000000012200000000000000000000000000000000000000000000000000038d7ea4c680000000000000000000000000000000000000000000000000000000000000000002,0,0x02C7fff37b7D1B991De156836ddA43425C434daA
0xb962da0e202211101321520000000000000000000000000000000000000000000000012300000000000000000000000000000000000000000000000000038d7ea4c680000000000000000000000000000000000000000000000000000000000000000002,0,0x02C7fff37b7D1B991De156836ddA43425C434daA
0xb962da0e202211101321520000000000000000000000000000000000000000000000012400000000000000000000000000000000000000000000000000038d7ea4c680000000000000000000000000000000000000000000000000000000000000000002,0,0x02C7fff37b7D1B991De156836ddA43425C434daA
0xb962da0e202211101321520000000000000000000000000000000000000000000000012500000000000000000000000000000000000000000000000000038d7ea4c680000000000000000000000000000000000000000000000000000000000000000002,0,0x02C7fff37b7D1B991De156836ddA43425C434daA
0xb962da0e202211101321520000000000000000000000000000000000000000000000012600000000000000000000000000000000000000000000000000038d7ea4c680000000000000000000000000000000000000000000000000000000000000000002,0,0x02C7fff37b7D1B991De156836ddA43425C434daA
0xb962da0e202211101321520000000000000000000000000000000000000000000000012700000000000000000000000000000000000000000000000000038d7ea4c680000000000000000000000000000000000000000000000000000000000000000002,0,0x02C7fff37b7D1B991De156836ddA43425C434daA
0xb962da0e202211101321520000000000000000000000000000000000000000000000012800000000000000000000000000000000000000000000000000038d7ea4c680000000000000000000000000000000000000000000000000000000000000000002,0,0x02C7fff37b7D1B991De156836ddA43425C434daA
0xb962da0e202211101321520000000000000000000000000000000000000000000000012900000000000000000000000000000000000000000000000000038d7ea4c680000000000000000000000000000000000000000000000000000000000000000002,0,0x02C7fff37b7D1B991De156836ddA43425C434daA
0xb962da0e202211101321520000000000000000000000000000000000000000000000013000000000000000000000000000000000000000000000000000038d7ea4c680000000000000000000000000000000000000000000000000000000000000000002,0,0x02C7fff37b7D1B991De156836ddA43425C434daA
0xb962da0e202211101321520000000000000000000000000000000000000000000000013100000000000000000000000000000000000000000000000000038d7ea4c680000000000000000000000000000000000000000000000000000000000000000002,0,0x02C7fff37b7D1B991De156836ddA43425C434daA
0xb962da0e202211101321520000000000000000000000000000000000000000000000013200000000000000000000000000000000000000000000000000038d7ea4c680000000000000000000000000000000000000000000000000000000000000000002,0,0x02C7fff37b7D1B991De156836ddA43425C434daA
0xb962da0e202211101321520000000000000000000000000000000000000000000000013300000000000000000000000000000000000000000000000000038d7ea4c680000000000000000000000000000000000000000000000000000000000000000002,0,0x02C7fff37b7D1B991De156836ddA43425C434daA
0xb962da0e202211101321520000000000000000000000000000000000000000000000013400000000000000000000000000000000000000000000000000038d7ea4c680000000000000000000000000000000000000000000000000000000000000000002,0,0x02C7fff37b7D1B991De156836ddA43425C434daA
0xb962da0e202211101321520000000000000000000000000000000000000000000000013500000000000000000000000000000000000000000000000000038d7ea4c680000000000000000000000000000000000000000000000000000000000000000002,0,0x02C7fff37b7D1B991De156836ddA43425C434daA
0xb962da0e202211101321520000000000000000000000000000000000000000000000013600000000000000000000000000000000000000000000000000038d7ea4c680000000000000000000000000000000000000000000000000000000000000000002,0,0x02C7fff37b7D1B991De156836ddA43425C434daA
0xb962da0e202211101321520000000000000000000000000000000000000000000000013700000000000000000000000000000000000000000000000000038d7ea4c680000000000000000000000000000000000000000000000000000000000000000002,0,0x02C7fff37b7D1B991De156836ddA43425C434daA
0xb962da0e202211101321520000000000000000000000000000000000000000000000013800000000000000000000000000000000000000000000000000038d7ea4c680000000000000000000000000000000000000000000000000000000000000000002,0,0x02C7fff37b7D1B991De156836ddA43425C434daA
0xb962da0e202211101321520000000000000000000000000000000000000000000000013900000000000000000000000000000000000000000000000000038d7ea4c680000000000000000000000000000000000000000000000000000000000000000002,0,0x02C7fff37b7D1B991De156836ddA43425C434daA
0xb962da0e202211101321520000000000000000000000000000000000000000000000014000000000000000000000000000000000000000000000000000038d7ea4c680000000000000000000000000000000000000000000000000000000000000000002,0,0x02C7fff37b7D1B991De156836ddA43425C434daA
0xb962da0e202211101321520000000000000000000000000000000000000000000000014100000000000000000000000000000000000000000000000000038d7ea4c680000000000000000000000000000000000000000000000000000000000000000002,0,0x02C7fff37b7D1B991De156836ddA43425C434daA
0xb962da0e202211101321520000000000000000000000000000000000000000000000014200000000000000000000000000000000000000000000000000038d7ea4c680000000000000000000000000000000000000000000000000000000000000000002,0,0x02C7fff37b7D1B991De156836ddA43425C434daA
0xb962da0e202211101321520000000000000000000000000000000000000000000000014300000000000000000000000000000000000000000000000000038d7ea4c680000000000000000000000000000000000000000000000000000000000000000002,0,0x02C7fff37b7D1B991De156836ddA43425C434daA
0xb962da0e202211101321520000000000000000000000000000000000000000000000014400000000000000000000000000000000000000000000000000038d7ea4c680000000000000000000000000000000000000000000000000000000000000000002,0,0x02C7fff37b7D1B991De156836ddA43425C434daA
0xb962da0e202211101321520000000000000000000000000000000000000000000000014500000000000000000000000000000000000000000000000000038d7ea4c680000000000000000000000000000000000000000000000000000000000000000002,0,0x02C7fff37b7D1B991De156836ddA43425C434daA
0xb962da0e202211101321520000000000000000000000000000000000000000000000014600000000000000000000000000000000000000000000000000038d7ea4c680000000000000000000000000000000000000000000000000000000000000000002,0,0x02C7fff37b7D1B991De156836ddA43425C434daA
0xb962da0e202211101321520000000000000000000000000000000000000000000000014700000000000000000000000000000000000000000000000000038d7ea4c680000000000000000000000000000000000000000000000000000000000000000002,0,0x02C7fff37b7D1B991De156836ddA43425C434daA
0xb962da0e202211101321520000000000000000000000000000000000000000000000014800000000000000000000000000000000000000000000000000038d7ea4c680000000000000000000000000000000000000000000000000000000000000000002,0,0x02C7fff37b7D1B991De156836ddA43425C434daA
0xb962da0e202211101321520000000000000000000000000000000000000000000000014900000000000000000000000000000000000000000000000000038d7ea4c680000000000000000000000000000000000000000000000000000000000000000002,0,0x02C7fff37b7D1B991De156836ddA43425C434daA
0xb962da0e202211101321520000000000000000000000000000000000000000000000015000000000000000000000000000000000000000000000000000038d7ea4c680000000000000000000000000000000000000000000000000000000000000000002,0,0x02C7fff37b7D1B991De156836ddA43425C434daA
0xb962da0e202211101321520000000000000000000000000000000000000000000000015100000000000000000000000000000000000000000000000000038d7ea4c680000000000000000000000000000000000000000000000000000000000000000002,0,0x02C7fff37b7D1B991De156836ddA43425C434daA
0xb962da0e202211101321520000000000000000000000000000000000000000000000015200000000000000000000000000000000000000000000000000038d7ea4c680000000000000000000000000000000000000000000000000000000000000000002,0,0x02C7fff37b7D1B991De156836ddA43425C434daA
0xb962da0e202211101321520000000000000000000000000000000000000000000000015300000000000000000000000000000000000000000000000000038d7ea4c680000000000000000000000000000000000000000000000000000000000000000002,0,0x02C7fff37b7D1B991De156836ddA43425C434daA
0xb962da0e202211101321520000000000000000000000000000000000000000000000015400000000000000000000000000000000000000000000000000038d7ea4c680000000000000000000000000000000000000000000000000000000000000000002,0,0x02C7fff37b7D1B991De156836ddA43425C434daA
0xb962da0e202211101321520000000000000000000000000000000000000000000000015500000000000000000000000000000000000000000000000000038d7ea4c680000000000000000000000000000000000000000000000000000000000000000002,0,0x02C7fff37b7D1B991De156836ddA43425C434daA
0xb962da0e202211101321520000000000000000000000000000000000000000000000015600000000000000000000000000000000000000000000000000038d7ea4c680000000000000000000000000000000000000000000000000000000000000000002,0,0x02C7fff37b7D1B991De156836ddA43425C434daA
0xb962da0e202211101321520000000000000000000000000000000000000000000000015700000000000000000000000000000000000000000000000000038d7ea4c680000000000000000000000000000000000000000000000000000000000000000002,0,0x02C7fff37b7D1B991De156836ddA43425C434daA
0xb962da0e202211101321520000000000000000000000000000000000000000000000015800000000000000000000000000000000000000000000000000038d7ea4c680000000000000000000000000000000000000000000000000000000000000000002,0,0x02C7fff37b7D1B991De156836ddA43425C434daA
0xb962da0e202211101321520000000000000000000000000000000000000000000000015900000000000000000000000000000000000000000000000000038d7ea4c680000000000000000000000000000000000000000000000000000000000000000002,0,0x02C7fff37b7D1B991De156836ddA43425C434daA
0xb962da0e202211101321520000000000000000000000000000000000000000000000016000000000000000000000000000000000000000000000000000038d7ea4c680000000000000000000000000000000000000000000000000000000000000000002,0,0x02C7fff37b7D1B991De156836ddA43425C434daA
0xb962da0e202211101321520000000000000000000000000000000000000000000000016100000000000000000000000000000000000000000000000000038d7ea4c680000000000000000000000000000000000000000000000000000000000000000002,0,0x02C7fff37b7D1B991De156836ddA43425C434daA
0xb962da0e202211101321520000000000000000000000000000000000000000000000016200000000000000000000000000000000000000000000000000038d7ea4c680000000000000000000000000000000000000000000000000000000000000000002,0,0x02C7fff37b7D1B991De156836ddA43425C434daA
0xb962da0e202211101321520000000000000000000000000000000000000000000000016300000000000000000000000000000000000000000000000000038d7ea4c680000000000000000000000000000000000000000000000000000000000000000002,0,0x02C7fff37b7D1B991De156836ddA43425C434daA
0xb962da0e202211101321520000000000000000000000000000000000000000000000016400000000000000000000000000000000000000000000000000038d7ea4c680000000000000000000000000000000000000000000000000000000000000000002,0,0x02C7fff37b7D1B991De156836ddA43425C434daA
0xb962da0e202211101321520000000000000000000000000000000000000000000000016500000000000000000000000000000000000000000000000000038d7ea4c680000000000000000000000000000000000000000000000000000000000000000002,0,0x02C7fff37b7D1B991De156836ddA43425C434daA
0xb962da0e202211101321520000000000000000000000000000000000000000000000016600000000000000000000000000000000000000000000000000038d7ea4c680000000000000000000000000000000000000000000000000000000000000000002,0,0x02C7fff37b7D1B991De156836ddA43425C434daA
0xb962da0e202211101321520000000000000000000000000000000000000000000000016700000000000000000000000000000000000000000000000000038d7ea4c680000000000000000000000000000000000000000000000000000000000000000002,0,0x02C7fff37b7D1B991De156836ddA43425C434daA
0xb962da0e202211101321520000000000000000000000000000000000000000000000016800000000000000000000000000000000000000000000000000038d7ea4c680000000000000000000000000000000000000000000000000000000000000000002,0,0x02C7fff37b7D1B991De156836ddA43425C434daA
0xb962da0e202211101321520000000000000000000000000000000000000000000000016900000000000000000000000000000000000000000000000000038d7ea4c680000000000000000000000000000000000000000000000000000000000000000002,0,0x02C7fff37b7D1B991De156836ddA43425C434daA
0xb962da0e202211101321520000000000000000000000000000000000000000000000017000000000000000000000000000000000000000000000000000038d7ea4c680000000000000000000000000000000000000000000000000000000000000000002,0,0x02C7fff37b7D1B991De156836ddA43425C434daA
0xb962da0e202211101321520000000000000000000000000000000000000000000000017100000000000000000000000000000000000000000000000000038d7ea4c680000000000000000000000000000000000000000000000000000000000000000002,0,0x02C7fff37b7D1B991De156836ddA43425C434daA
0xb962da0e202211101321520000000000000000000000000000000000000000000000017200000000000000000000000000000000000000000000000000038d7ea4c680000000000000000000000000000000000000000000000000000000000000000002,0,0x02C7fff37b7D1B991De156836ddA43425C434daA
0xb962da0e202211101321520000000000000000000000000000000000000000000000017300000000000000000000000000000000000000000000000000038d7ea4c680000000000000000000000000000000000000000000000000000000000000000002,0,0x02C7fff37b7D1B991De156836ddA43425C434daA
0xb962da0e202211101321520000000000000000000000000000000000000000000000017400000000000000000000000000000000000000000000000000038d7ea4c680000000000000000000000000000000000000000000000000000000000000000002,0,0x02C7fff37b7D1B991De156836ddA43425C434daA
0xb962da0e202211101321520000000000000000000000000000000000000000000000017500000000000000000000000000000000000000000000000000038d7ea4c680000000000000000000000000000000000000000000000000000000000000000002,0,0x02C7fff37b7D1B991De156836ddA43425C434daA
0xb962da0e202211101321520000000000000000000000000000000000000000000000017600000000000000000000000000000000000000000000000000038d7ea4c680000000000000000000000000000000000000000000000000000000000000000002,0,0x02C7fff37b7D1B991De156836ddA43425C434daA
0xb962da0e202211101321520000000000000000000000000000000000000000000000017700000000000000000000000000000000000000000000000000038d7ea4c680000000000000000000000000000000000000000000000000000000000000000002,0,0x02C7fff37b7D1B991De156836ddA43425C434daA
0xb962da0e202211101321520000000000000000000000000000000000000000000000017800000000000000000000000000000000000000000000000000038d7ea4c680000000000000000000000000000000000000000000000000000000000000000002,0,0x02C7fff37b7D1B991De156836ddA43425C434daA
0xb962da0e202211101321520000000000000000000000000000000000000000000000017900000000000000000000000000000000000000000000000000038d7ea4c680000000000000000000000000000000000000000000000000000000000000000002,0,0x02C7fff37b7D1B991De156836ddA43425C434daA
0xb962da0e202211101321520000000000000000000000000000000000000000000000018000000000000000000000000000000000000000000000000000038d7ea4c680000000000000000000000000000000000000000000000000000000000000000002,0,0x02C7fff37b7D1B991De156836ddA43425C434daA
0xb962da0e202211101321520000000000000000000000000000000000000000000000018100000000000000000000000000000000000000000000000000038d7ea4c680000000000000000000000000000000000000000000000000000000000000000002,0,0x02C7fff37b7D1B991De156836ddA43425C434daA
0xb962da0e202211101321520000000000000000000000000000000000000000000000018200000000000000000000000000000000000000000000000000038d7ea4c680000000000000000000000000000000000000000000000000000000000000000002,0,0x02C7fff37b7D1B991De156836ddA43425C434daA
0xb962da0e202211101321520000000000000000000000000000000000000000000000018300000000000000000000000000000000000000000000000000038d7ea4c680000000000000000000000000000000000000000000000000000000000000000002,0,0x02C7fff37b7D1B991De156836ddA43425C434daA
0xb962da0e202211101321520000000000000000000000000000000000000000000000018400000000000000000000000000000000000000000000000000038d7ea4c680000000000000000000000000000000000000000000000000000000000000000002,0,0x02C7fff37b7D1B991De156836ddA43425C434daA
0xb962da0e202211101321520000000000000000000000000000000000000000000000018500000000000000000000000000000000000000000000000000038d7ea4c680000000000000000000000000000000000000000000000000000000000000000002,0,0x02C7fff37b7D1B991De156836ddA43425C434daA
0xb962da0e202211101321520000000000000000000000000000000000000000000000018600000000000000000000000000000000000000000000000000038d7ea4c680000000000000000000000000000000000000000000000000000000000000000002,0,0x02C7fff37b7D1B991De156836ddA43425C434daA
0xb962da0e202211101321520000000000000000000000000000000000000000000000018700000000000000000000000000000000000000000000000000038d7ea4c680000000000000000000000000000000000000000000000000000000000000000002,0,0x02C7fff37b7D1B991De156836ddA43425C434daA
0xb962da0e202211101321520000000000000000000000000000000000000000000000018800000000000000000000000000000000000000000000000000038d7ea4c680000000000000000000000000000000000000000000000000000000000000000002,0,0x02C7fff37b7D1B991De156836ddA43425C434daA
0xb962da0e202211101321520000000000000000000000000000000000000000000000018900000000000000000000000000000000000000000000000000038d7ea4c680000000000000000000000000000000000000000000000000000000000000000002,0,0x02C7fff37b7D1B991De156836ddA43425C434daA
0xb962da0e202211101321520000000000000000000000000000000000000000000000019000000000000000000000000000000000000000000000000000038d7ea4c680000000000000000000000000000000000000000000000000000000000000000002,0,0x02C7fff37b7D1B991De156836ddA43425C434daA
0xb962da0e202211101321520000000000000000000000000000000000000000000000019100000000000000000000000000000000000000000000000000038d7ea4c680000000000000000000000000000000000000000000000000000000000000000002,0,0x02C7fff37b7D1B991De156836ddA43425C434daA
0xb962da0e202211101321520000000000000000000000000000000000000000000000019200000000000000000000000000000000000000000000000000038d7ea4c680000000000000000000000000000000000000000000000000000000000000000002,0,0x02C7fff37b7D1B991De156836ddA43425C434daA
0xb962da0e202211101321520000000000000000000000000000000000000000000000019300000000000000000000000000000000000000000000000000038d7ea4c680000000000000000000000000000000000000000000000000000000000000000002,0,0x02C7fff37b7D1B991De156836ddA43425C434daA
0xb962da0e202211101321520000000000000000000000000000000000000000000000019400000000000000000000000000000000000000000000000000038d7ea4c680000000000000000000000000000000000000000000000000000000000000000002,0,0x02C7fff37b7D1B991De156836ddA43425C434daA
0xb962da0e202211101321520000000000000000000000000000000000000000000000019500000000000000000000000000000000000000000000000000038d7ea4c680000000000000000000000000000000000000000000000000000000000000000002,0,0x02C7fff37b7D1B991De156836ddA43425C434daA
0xb962da0e202211101321520000000000000000000000000000000000000000000000019600000000000000000000000000000000000000000000000000038d7ea4c680000000000000000000000000000000000000000000000000000000000000000002,0,0x02C7fff37b7D1B991De156836ddA43425C434daA
0xb962da0e202211101321520000000000000000000000000000000000000000000000019700000000000000000000000000000000000000000000000000038d7ea4c680000000000000000000000000000000000000000000000000000000000000000002,0,0x02C7fff37b7D1B991De156836ddA43425C434daA
0xb962da0e202211101321520000000000000000000000000000000000000000000000019800000000000000000000000000000000000000000000000000038d7ea4c680000000000000000000000000000000000000000000000000000000000000000002,0,0x02C7fff37b7D1B991De156836ddA43425C434daA
0xb962da0e202211101321520000000000000000000000000000000000000000000000019900000000000000000000000000000000000000000000000000038d7ea4c680000000000000000000000000000000000000000000000000000000000000000002,0,0x02C7fff37b7D1B991De156836ddA43425C434daA
0xb962da0e202211101321520000000000000000000000000000000000000000000000020000000000000000000000000000000000000000000000000000038d7ea4c680000000000000000000000000000000000000000000000000000000000000000002,0,0x02C7fff37b7D1B991De156836ddA43425C434daA
0xb962da0e202211101321520000000000000000000000000000000000000000000000020100000000000000000000000000000000000000000000000000038d7ea4c680000000000000000000000000000000000000000000000000000000000000000002,0,0x02C7fff37b7D1B991De156836ddA43425C434daA
0xb962da0e202211101321520000000000000000000000000000000000000000000000020200000000000000000000000000000000000000000000000000038d7ea4c680000000000000000000000000000000000000000000000000000000000000000002,0,0x02C7fff37b7D1B991De156836ddA43425C434daA
0xb962da0e202211101321520000000000000000000000000000000000000000000000020300000000000000000000000000000000000000000000000000038d7ea4c680000000000000000000000000000000000000000000000000000000000000000002,0,0x02C7fff37b7D1B991De156836ddA43425C434daA
0xb962da0e202211101321520000000000000000000000000000000000000000000000020400000000000000000000000000000000000000000000000000038d7ea4c680000000000000000000000000000000000000000000000000000000000000000002,0,0x02C7fff37b7D1B991De156836ddA43425C434daA
0xb962da0e202211101321520000000000000000000000000000000000000000000000020500000000000000000000000000000000000000000000000000038d7ea4c680000000000000000000000000000000000000000000000000000000000000000002,0,0x02C7fff37b7D1B991De156836ddA43425C434daA
0xb962da0e202211101321520000000000000000000000000000000000000000000000020600000000000000000000000000000000000000000000000000038d7ea4c680000000000000000000000000000000000000000000000000000000000000000002,0,0x02C7fff37b7D1B991De156836ddA43425C434daA
0xb962da0e202211101321520000000000000000000000000000000000000000000000020700000000000000000000000000000000000000000000000000038d7ea4c680000000000000000000000000000000000000000000000000000000000000000002,0,0x02C7fff37b7D1B991De156836ddA43425C434daA
0xb962da0e202211101321520000000000000000000000000000000000000000000000020800000000000000000000000000000000000000000000000000038d7ea4c680000000000000000000000000000000000000000000000000000000000000000002,0,0x02C7fff37b7D1B991De156836ddA43425C434daA
0xb962da0e202211101321520000000000000000000000000000000000000000000000020900000000000000000000000000000000000000000000000000038d7ea4c680000000000000000000000000000000000000000000000000000000000000000002,0,0x02C7fff37b7D1B991De156836ddA43425C434daA
0xb962da0e202211101321520000000000000000000000000000000000000000000000021000000000000000000000000000000000000000000000000000038d7ea4c680000000000000000000000000000000000000000000000000000000000000000002,0,0x02C7fff37b7D1B991De156836ddA43425C434daA
0xb962da0e202211101321520000000000000000000000000000000000000000000000021100000000000000000000000000000000000000000000000000038d7ea4c680000000000000000000000000000000000000000000000000000000000000000002,0,0x02C7fff37b7D1B991De156836ddA43425C434daA
0xb962da0e202211101321520000000000000000000000000000000000000000000000021200000000000000000000000000000000000000000000000000038d7ea4c680000000000000000000000000000000000000000000000000000000000000000002,0,0x02C7fff37b7D1B991De156836ddA43425C434daA
0xb962da0e202211101321520000000000000000000000000000000000000000000000021300000000000000000000000000000000000000000000000000038d7ea4c680000000000000000000000000000000000000000000000000000000000000000002,0,0x02C7fff37b7D1B991De156836ddA43425C434daA
0xb962da0e202211101321520000000000000000000000000000000000000000000000021400000000000000000000000000000000000000000000000000038d7ea4c680000000000000000000000000000000000000000000000000000000000000000002,0,0x02C7fff37b7D1B991De156836ddA43425C434daA
0xb962da0e202211101321520000000000000000000000000000000000000000000000021500000000000000000000000000000000000000000000000000038d7ea4c680000000000000000000000000000000000000000000000000000000000000000002,0,0x02C7fff37b7D1B991De156836ddA43425C434daA
0xb962da0e202211101321520000000000000000000000000000000000000000000000021600000000000000000000000000000000000000000000000000038d7ea4c680000000000000000000000000000000000000000000000000000000000000000002,0,0x02C7fff37b7D1B991De156836ddA43425C434daA
0xb962da0e202211101321520000000000000000000000000000000000000000000000021700000000000000000000000000000000000000000000000000038d7ea4c680000000000000000000000000000000000000000000000000000000000000000002,0,0x02C7fff37b7D1B991De156836ddA43425C434daA
0xb962da0e202211101321520000000000000000000000000000000000000000000000021800000000000000000000000000000000000000000000000000038d7ea4c680000000000000000000000000000000000000000000000000000000000000000002,0,0x02C7fff37b7D1B991De156836ddA43425C434daA
0xb962da0e202211101321520000000000000000000000000000000000000000000000021900000000000000000000000000000000000000000000000000038d7ea4c680000000000000000000000000000000000000000000000000000000000000000002,0,0x02C7fff37b7D1B991De156836ddA43425C434daA
0xb962da0e202211101321520000000000000000000000000000000000000000000000022000000000000000000000000000000000000000000000000000038d7ea4c680000000000000000000000000000000000000000000000000000000000000000002,0,0x02C7fff37b7D1B991De156836ddA43425C434daA
0xb962da0e202211101321520000000000000000000000000000000000000000000000022100000000000000000000000000000000000000000000000000038d7ea4c680000000000000000000000000000000000000000000000000000000000000000002,0,0x02C7fff37b7D1B991De156836ddA43425C434daA
0xb962da0e202211101321520000000000000000000000000000000000000000000000022200000000000000000000000000000000000000000000000000038d7ea4c680000000000000000000000000000000000000000000000000000000000000000002,0,0x02C7fff37b7D1B991De156836ddA43425C434daA
0xb962da0e202211101321520000000000000000000000000000000000000000000000022300000000000000000000000000000000000000000000000000038d7ea4c680000000000000000000000000000000000000000000000000000000000000000002,0,0x02C7fff37b7D1B991De156836ddA43425C434daA
0xb962da0e202211101321520000000000000000000000000000000000000000000000022400000000000000000000000000000000000000000000000000038d7ea4c680000000000000000000000000000000000000000000000000000000000000000002,0,0x02C7fff37b7D1B991De156836ddA43425C434daA
0xb962da0e202211101321520000000000000000000000000000000000000000000000022500000000000000000000000000000000000000000000000000038d7ea4c680000000000000000000000000000000000000000000000000000000000000000002,0,0x02C7fff37b7D1B991De156836ddA43425C434daA
0xb962da0e202211101321520000000000000000000000000000000000000000000000022600000000000000000000000000000000000000000000000000038d7ea4c680000000000000000000000000000000000000000000000000000000000000000002,0,0x02C7fff37b7D1B991De156836ddA43425C434daA
0xb962da0e202211101321520000000000000000000000000000000000000000000000022700000000000000000000000000000000000000000000000000038d7ea4c680000000000000000000000000000000000000000000000000000000000000000002,0,0x02C7fff37b7D1B991De156836ddA43425C434daA
0xb962da0e202211101321520000000000000000000000000000000000000000000000022800000000000000000000000000000000000000000000000000038d7ea4c680000000000000000000000000000000000000000000000000000000000000000002,0,0x02C7fff37b7D1B991De156836ddA43425C434daA
0xb962da0e202211101321520000000000000000000000000000000000000000000000022900000000000000000000000000000000000000000000000000038d7ea4c680000000000000000000000000000000000000000000000000000000000000000002,0,0x02C7fff37b7D1B991De156836ddA43425C434daA
0xb962da0e202211101321520000000000000000000000000000000000000000000000023000000000000000000000000000000000000000000000000000038d7ea4c680000000000000000000000000000000000000000000000000000000000000000002,0,0x02C7fff37b7D1B991De156836ddA43425C434daA
0xb962da0e202211101321520000000000000000000000000000000000000000000000023100000000000000000000000000000000000000000000000000038d7ea4c680000000000000000000000000000000000000000000000000000000000000000002,0,0x02C7fff37b7D1B991De156836ddA43425C434daA
0xb962da0e202211101321520000000000000000000000000000000000000000000000023200000000000000000000000000000000000000000000000000038d7ea4c680000000000000000000000000000000000000000000000000000000000000000002,0,0x02C7fff37b7D1B991De156836ddA43425C434daA
0xb962da0e202211101321520000000000000000000000000000000000000000000000023300000000000000000000000000000000000000000000000000038d7ea4c680000000000000000000000000000000000000000000000000000000000000000002,0,0x02C7fff37b7D1B991De156836ddA43425C434daA
0xb962da0e202211101321520000000000000000000000000000000000000000000000023400000000000000000000000000000000000000000000000000038d7ea4c680000000000000000000000000000000000000000000000000000000000000000002,0,0x02C7fff37b7D1B991De156836ddA43425C434daA
0xb962da0e202211101321520000000000000000000000000000000000000000000000023500000000000000000000000000000000000000000000000000038d7ea4c680000000000000000000000000000000000000000000000000000000000000000002,0,0x02C7fff37b7D1B991De156836ddA43425C434daA
0xb962da0e202211101321520000000000000000000000000000000000000000000000023600000000000000000000000000000000000000000000000000038d7ea4c680000000000000000000000000000000000000000000000000000000000000000002,0,0x02C7fff37b7D1B991De156836ddA43425C434daA
0xb962da0e202211101321520000000000000000000000000000000000000000000000023700000000000000000000000000000000000000000000000000038d7ea4c680000000000000000000000000000000000000000000000000000000000000000002,0,0x02C7fff37b7D1B991De156836ddA43425C434daA
0xb962da0e202211101321520000000000000000000000000000000000000000000000023800000000000000000000000000000000000000000000000000038d7ea4c680000000000000000000000000000000000000000000000000000000000000000002,0,0x02C7fff37b7D1B991De156836ddA43425C434daA
0xb962da0e202211101321520000000000000000000000000000000000000000000000023900000000000000000000000000000000000000000000000000038d7ea4c680000000000000000000000000000000000000000000000000000000000000000002,0,0x02C7fff37b7D1B991De156836ddA43425C434daA
0xb962da0e202211101321520000000000000000000000000000000000000000000000024000000000000000000000000000000000000000000000000000038d7ea4c680000000000000000000000000000000000000000000000000000000000000000002,0,0x02C7fff37b7D1B991De156836ddA43425C434daA
0xb962da0e202211101321520000000000000000000000000000000000000000000000024100000000000000000000000000000000000000000000000000038d7ea4c680000000000000000000000000000000000000000000000000000000000000000002,0,0x02C7fff37b7D1B991De156836ddA43425C434daA
0xb962da0e202211101321520000000000000000000000000000000000000000000000024200000000000000000000000000000000000000000000000000038d7ea4c680000000000000000000000000000000000000000000000000000000000000000002,0,0x02C7fff37b7D1B991De156836ddA43425C434daA
0xb962da0e202211101321520000000000000000000000000000000000000000000000024300000000000000000000000000000000000000000000000000038d7ea4c680000000000000000000000000000000000000000000000000000000000000000002,0,0x02C7fff37b7D1B991De156836ddA43425C434daA
0xb962da0e202211101321520000000000000000000000000000000000000000000000024400000000000000000000000000000000000000000000000000038d7ea4c680000000000000000000000000000000000000000000000000000000000000000002,0,0x02C7fff37b7D1B991De156836ddA43425C434daA
0xb962da0e202211101321520000000000000000000000000000000000000000000000024500000000000000000000000000000000000000000000000000038d7ea4c680000000000000000000000000000000000000000000000000000000000000000002,0,0x02C7fff37b7D1B991De156836ddA43425C434daA
0xb962da0e202211101321520000000000000000000000000000000000000000000000024600000000000000000000000000000000000000000000000000038d7ea4c680000000000000000000000000000000000000000000000000000000000000000002,0,0x02C7fff37b7D1B991De156836ddA43425C434daA
0xb962da0e202211101321520000000000000000000000000000000000000000000000024700000000000000000000000000000000000000000000000000038d7ea4c680000000000000000000000000000000000000000000000000000000000000000002,0,0x02C7fff37b7D1B991De156836ddA43425C434daA
0xb962da0e202211101321520000000000000000000000000000000000000000000000024800000000000000000000000000000000000000000000000000038d7ea4c680000000000000000000000000000000000000000000000000000000000000000002,0,0x02C7fff37b7D1B991De156836ddA43425C434daA
0xb962da0e202211101321520000000000000000000000000000000000000000000000024900000000000000000000000000000000000000000000000000038d7ea4c680000000000000000000000000000000000000000000000000000000000000000002,0,0x02C7fff37b7D1B991De156836ddA43425C434daA
0xb962da0e202211101321520000000000000000000000000000000000000000000000025000000000000000000000000000000000000000000000000000038d7ea4c680000000000000000000000000000000000000000000000000000000000000000002,0,0x02C7fff37b7D1B991De156836ddA43425C434daA
0xb962da0e202211101321520000000000000000000000000000000000000000000000025100000000000000000000000000000000000000000000000000038d7ea4c680000000000000000000000000000000000000000000000000000000000000000002,0,0x02C7fff37b7D1B991De156836ddA43425C434daA
0xb962da0e202211101321520000000000000000000000000000000000000000000000025200000000000000000000000000000000000000000000000000038d7ea4c680000000000000000000000000000000000000000000000000000000000000000002,0,0x02C7fff37b7D1B991De156836ddA43425C434daA
0xb962da0e202211101321520000000000000000000000000000000000000000000000025300000000000000000000000000000000000000000000000000038d7ea4c680000000000000000000000000000000000000000000000000000000000000000002,0,0x02C7fff37b7D1B991De156836ddA43425C434daA
0xb962da0e202211101321520000000000000000000000000000000000000000000000025400000000000000000000000000000000000000000000000000038d7ea4c680000000000000000000000000000000000000000000000000000000000000000002,0,0x02C7fff37b7D1B991De156836ddA43425C434daA
0xb962da0e202211101321520000000000000000000000000000000000000000000000025500000000000000000000000000000000000000000000000000038d7ea4c680000000000000000000000000000000000000000000000000000000000000000002,0,0x02C7fff37b7D1B991De156836ddA43425C434daA
0xb962da0e202211101321520000000000000000000000000000000000000000000000025600000000000000000000000000000000000000000000000000038d7ea4c680000000000000000000000000000000000000000000000000000000000000000002,0,0x02C7fff37b7D1B991De156836ddA43425C434daA
0xb962da0e202211101321520000000000000000000000000000000000000000000000025700000000000000000000000000000000000000000000000000038d7ea4c680000000000000000000000000000000000000000000000000000000000000000002,0,0x02C7fff37b7D1B991De156836ddA43425C434daA
0xb962da0e202211101321520000000000000000000000000000000000000000000000025800000000000000000000000000000000000000000000000000038d7ea4c680000000000000000000000000000000000000000000000000000000000000000002,0,0x02C7fff37b7D1B991De156836ddA43425C434daA
0xb962da0e202211101321520000000000000000000000000000000000000000000000025900000000000000000000000000000000000000000000000000038d7ea4c680000000000000000000000000000000000000000000000000000000000000000002,0,0x02C7fff37b7D1B991De156836ddA43425C434daA
0xb962da0e202211101321520000000000000000000000000000000000000000000000026000000000000000000000000000000000000000000000000000038d7ea4c680000000000000000000000000000000000000000000000000000000000000000002,0,0x02C7fff37b7D1B991De156836ddA43425C434daA
0xb962da0e202211101321520000000000000000000000000000000000000000000000026100000000000000000000000000000000000000000000000000038d7ea4c680000000000000000000000000000000000000000000000000000000000000000002,0,0x02C7fff37b7D1B991De156836ddA43425C434daA
0xb962da0e202211101321520000000000000000000000000000000000000000000000026200000000000000000000000000000000000000000000000000038d7ea4c680000000000000000000000000000000000000000000000000000000000000000002,0,0x02C7fff37b7D1B991De156836ddA43425C434daA
0xb962da0e202211101321520000000000000000000000000000000000000000000000026300000000000000000000000000000000000000000000000000038d7ea4c680000000000000000000000000000000000000000000000000000000000000000002,0,0x02C7fff37b7D1B991De156836ddA43425C434daA
0xb962da0e202211101321520000000000000000000000000000000000000000000000026400000000000000000000000000000000000000000000000000038d7ea4c680000000000000000000000000000000000000000000000000000000000000000002,0,0x02C7fff37b7D1B991De156836ddA43425C434daA
0xb962da0e202211101321520000000000000000000000000000000000000000000000026500000000000000000000000000000000000000000000000000038d7ea4c680000000000000000000000000000000000000000000000000000000000000000002,0,0x02C7fff37b7D1B991De156836ddA43425C434daA
0xb962da0e202211101321520000000000000000000000000000000000000000000000026600000000000000000000000000000000000000000000000000038d7ea4c680000000000000000000000000000000000000000000000000000000000000000002,0,0x02C7fff37b7D1B991De156836ddA43425C434daA
0xb962da0e202211101321520000000000000000000000000000000000000000000000026700000000000000000000000000000000000000000000000000038d7ea4c680000000000000000000000000000000000000000000000000000000000000000002,0,0x02C7fff37b7D1B991De156836ddA43425C434daA
0xb962da0e202211101321520000000000000000000000000000000000000000000000026800000000000000000000000000000000000000000000000000038d7ea4c680000000000000000000000000000000000000000000000000000000000000000002,0,0x02C7fff37b7D1B991De156836ddA43425C434daA
0xb962da0e202211101321520000000000000000000000000000000000000000000000026900000000000000000000000000000000000000000000000000038d7ea4c680000000000000000000000000000000000000000000000000000000000000000002,0,0x02C7fff37b7D1B991De156836ddA43425C434daA
0xb962da0e202211101321520000000000000000000000000000000000000000000000027000000000000000000000000000000000000000000000000000038d7ea4c680000000000000000000000000000000000000000000000000000000000000000002,0,0x02C7fff37b7D1B991De156836ddA43425C434daA
0xb962da0e202211101321520000000000000000000000000000000000000000000000027100000000000000000000000000000000000000000000000000038d7ea4c680000000000000000000000000000000000000000000000000000000000000000002,0,0x02C7fff37b7D1B991De156836ddA43425C434daA
0xb962da0e202211101321520000000000000000000000000000000000000000000000027200000000000000000000000000000000000000000000000000038d7ea4c680000000000000000000000000000000000000000000000000000000000000000002,0,0x02C7fff37b7D1B991De156836ddA43425C434daA
0xb962da0e202211101321520000000000000000000000000000000000000000000000027300000000000000000000000000000000000000000000000000038d7ea4c680000000000000000000000000000000000000000000000000000000000000000002,0,0x02C7fff37b7D1B991De156836ddA43425C434daA
0xb962da0e202211101321520000000000000000000000000000000000000000000000027400000000000000000000000000000000000000000000000000038d7ea4c680000000000000000000000000000000000000000000000000000000000000000002,0,0x02C7fff37b7D1B991De156836ddA43425C434daA
0xb962da0e202211101321520000000000000000000000000000000000000000000000027500000000000000000000000000000000000000000000000000038d7ea4c680000000000000000000000000000000000000000000000000000000000000000002,0,0x02C7fff37b7D1B991De156836ddA43425C434daA
0xb962da0e202211101321520000000000000000000000000000000000000000000000027600000000000000000000000000000000000000000000000000038d7ea4c680000000000000000000000000000000000000000000000000000000000000000002,0,0x02C7fff37b7D1B991De156836ddA43425C434daA
0xb962da0e202211101321520000000000000000000000000000000000000000000000027700000000000000000000000000000000000000000000000000038d7ea4c680000000000000000000000000000000000000000000000000000000000000000002,0,0x02C7fff37b7D1B991De156836ddA43425C434daA
0xb962da0e202211101321520000000000000000000000000000000000000000000000027800000000000000000000000000000000000000000000000000038d7ea4c680000000000000000000000000000000000000000000000000000000000000000002,0,0x02C7fff37b7D1B991De156836ddA43425C434daA
0xb962da0e202211101321520000000000000000000000000000000000000000000000027900000000000000000000000000000000000000000000000000038d7ea4c680000000000000000000000000000000000000000000000000000000000000000002,0,0x02C7fff37b7D1B991De156836ddA43425C434daA
0xb962da0e202211101321520000000000000000000000000000000000000000000000028000000000000000000000000000000000000000000000000000038d7ea4c680000000000000000000000000000000000000000000000000000000000000000002,0,0x02C7fff37b7D1B991De156836ddA43425C434daA
0xb962da0e202211101321520000000000000000000000000000000000000000000000028100000000000000000000000000000000000000000000000000038d7ea4c680000000000000000000000000000000000000000000000000000000000000000002,0,0x02C7fff37b7D1B991De156836ddA43425C434daA
0xb962da0e202211101321520000000000000000000000000000000000000000000000028200000000000000000000000000000000000000000000000000038d7ea4c680000000000000000000000000000000000000000000000000000000000000000002,0,0x02C7fff37b7D1B991De156836ddA43425C434daA
0xb962da0e202211101321520000000000000000000000000000000000000000000000028300000000000000000000000000000000000000000000000000038d7ea4c680000000000000000000000000000000000000000000000000000000000000000002,0,0x02C7fff37b7D1B991De156836ddA43425C434daA
0xb962da0e202211101321520000000000000000000000000000000000000000000000028400000000000000000000000000000000000000000000000000038d7ea4c680000000000000000000000000000000000000000000000000000000000000000002,0,0x02C7fff37b7D1B991De156836ddA43425C434daA
0xb962da0e202211101321520000000000000000000000000000000000000000000000028500000000000000000000000000000000000000000000000000038d7ea4c680000000000000000000000000000000000000000000000000000000000000000002,0,0x02C7fff37b7D1B991De156836ddA43425C434daA
0xb962da0e202211101321520000000000000000000000000000000000000000000000028600000000000000000000000000000000000000000000000000038d7ea4c680000000000000000000000000000000000000000000000000000000000000000002,0,0x02C7fff37b7D1B991De156836ddA43425C434daA
0xb962da0e202211101321520000000000000000000000000000000000000000000000028700000000000000000000000000000000000000000000000000038d7ea4c680000000000000000000000000000000000000000000000000000000000000000002,0,0x02C7fff37b7D1B991De156836ddA43425C434daA
0xb962da0e202211101321520000000000000000000000000000000000000000000000028800000000000000000000000000000000000000000000000000038d7ea4c680000000000000000000000000000000000000000000000000000000000000000002,0,0x02C7fff37b7D1B991De156836ddA43425C434daA
0xb962da0e202211101321520000000000000000000000000000000000000000000000028900000000000000000000000000000000000000000000000000038d7ea4c680000000000000000000000000000000000000000000000000000000000000000002,0,0x02C7fff37b7D1B991De156836ddA43425C434daA
0xb962da0e202211101321520000000000000000000000000000000000000000000000029000000000000000000000000000000000000000000000000000038d7ea4c680000000000000000000000000000000000000000000000000000000000000000002,0,0x02C7fff37b7D1B991De156836ddA43425C434daA
0xb962da0e202211101321520000000000000000000000000000000000000000000000029100000000000000000000000000000000000000000000000000038d7ea4c680000000000000000000000000000000000000000000000000000000000000000002,0,0x02C7fff37b7D1B991De156836ddA43425C434daA
0xb962da0e202211101321520000000000000000000000000000000000000000000000029200000000000000000000000000000000000000000000000000038d7ea4c680000000000000000000000000000000000000000000000000000000000000000002,0,0x02C7fff37b7D1B991De156836ddA43425C434daA
0xb962da0e202211101321520000000000000000000000000000000000000000000000029300000000000000000000000000000000000000000000000000038d7ea4c680000000000000000000000000000000000000000000000000000000000000000002,0,0x02C7fff37b7D1B991De156836ddA43425C434daA
0xb962da0e202211101321520000000000000000000000000000000000000000000000029400000000000000000000000000000000000000000000000000038d7ea4c680000000000000000000000000000000000000000000000000000000000000000002,0,0x02C7fff37b7D1B991De156836ddA43425C434daA
0xb962da0e202211101321520000000000000000000000000000000000000000000000029500000000000000000000000000000000000000000000000000038d7ea4c680000000000000000000000000000000000000000000000000000000000000000002,0,0x02C7fff37b7D1B991De156836ddA43425C434daA
0xb962da0e202211101321520000000000000000000000000000000000000000000000029600000000000000000000000000000000000000000000000000038d7ea4c680000000000000000000000000000000000000000000000000000000000000000002,0,0x02C7fff37b7D1B991De156836ddA43425C434daA
0xb962da0e202211101321520000000000000000000000000000000000000000000000029700000000000000000000000000000000000000000000000000038d7ea4c680000000000000000000000000000000000000000000000000000000000000000002,0,0x02C7fff37b7D1B991De156836ddA43425C434daA
0xb962da0e202211101321520000000000000000000000000000000000000000000000029800000000000000000000000000000000000000000000000000038d7ea4c680000000000000000000000000000000000000000000000000000000000000000002,0,0x02C7fff37b7D1B991De156836ddA43425C434daA
0xb962da0e202211101321520000000000000000000000000000000000000000000000029900000000000000000000000000000000000000000000000000038d7ea4c680000000000000000000000000000000000000000000000000000000000000000002,0,0x02C7fff37b7D1B991De156836ddA43425C434daA
0xb962da0e202211101321520000000000000000000000000000000000000000000000030000000000000000000000000000000000000000000000000000038d7ea4c680000000000000000000000000000000000000000000000000000000000000000002,0,0x02C7fff37b7D1B991De156836ddA43425C434daA
0xb962da0e202211101321520000000000000000000000000000000000000000000000030100000000000000000000000000000000000000000000000000038d7ea4c680000000000000000000000000000000000000000000000000000000000000000002,0,0x02C7fff37b7D1B991De156836ddA43425C434daA
0xb962da0e202211101321520000000000000000000000000000000000000000000000030200000000000000000000000000000000000000000000000000038d7ea4c680000000000000000000000000000000000000000000000000000000000000000002,0,0x02C7fff37b7D1B991De156836ddA43425C434daA
0xb962da0e202211101321520000000000000000000000000000000000000000000000030300000000000000000000000000000000000000000000000000038d7ea4c680000000000000000000000000000000000000000000000000000000000000000002,0,0x02C7fff37b7D1B991De156836ddA43425C434daA
0xb962da0e202211101321520000000000000000000000000000000000000000000000030400000000000000000000000000000000000000000000000000038d7ea4c680000000000000000000000000000000000000000000000000000000000000000002,0,0x02C7fff37b7D1B991De156836ddA43425C434daA
0xb962da0e202211101321520000000000000000000000000000000000000000000000030500000000000000000000000000000000000000000000000000038d7ea4c680000000000000000000000000000000000000000000000000000000000000000002,0,0x02C7fff37b7D1B991De156836ddA43425C434daA
0xb962da0e202211101321520000000000000000000000000000000000000000000000030600000000000000000000000000000000000000000000000000038d7ea4c680000000000000000000000000000000000000000000000000000000000000000002,0,0x02C7fff37b7D1B991De156836ddA43425C434daA
0xb962da0e202211101321520000000000000000000000000000000000000000000000030700000000000000000000000000000000000000000000000000038d7ea4c680000000000000000000000000000000000000000000000000000000000000000002,0,0x02C7fff37b7D1B991De156836ddA43425C434daA
0xb962da0e202211101321520000000000000000000000000000000000000000000000030800000000000000000000000000000000000000000000000000038d7ea4c680000000000000000000000000000000000000000000000000000000000000000002,0,0x02C7fff37b7D1B991De156836ddA43425C434daA
0xb962da0e202211101321520000000000000000000000000000000000000000000000030900000000000000000000000000000000000000000000000000038d7ea4c680000000000000000000000000000000000000000000000000000000000000000002,0,0x02C7fff37b7D1B991De156836ddA43425C434daA
0xb962da0e202211101321520000000000000000000000000000000000000000000000031000000000000000000000000000000000000000000000000000038d7ea4c680000000000000000000000000000000000000000000000000000000000000000002,0,0x02C7fff37b7D1B991De156836ddA43425C434daA
0xb962da0e202211101321520000000000000000000000000000000000000000000000031100000000000000000000000000000000000000000000000000038d7ea4c680000000000000000000000000000000000000000000000000000000000000000002,0,0x02C7fff37b7D1B991De156836ddA43425C434daA
0xb962da0e202211101321520000000000000000000000000000000000000000000000031200000000000000000000000000000000000000000000000000038d7ea4c680000000000000000000000000000000000000000000000000000000000000000002,0,0x02C7fff37b7D1B991De156836ddA43425C434daA
0xb962da0e202211101321520000000000000000000000000000000000000000000000031300000000000000000000000000000000000000000000000000038d7ea4c680000000000000000000000000000000000000000000000000000000000000000002,0,0x02C7fff37b7D1B991De156836ddA43425C434daA
0xb962da0e202211101321520000000000000000000000000000000000000000000000031400000000000000000000000000000000000000000000000000038d7ea4c680000000000000000000000000000000000000000000000000000000000000000002,0,0x02C7fff37b7D1B991De156836ddA43425C434daA
0xb962da0e202211101321520000000000000000000000000000000000000000000000031500000000000000000000000000000000000000000000000000038d7ea4c680000000000000000000000000000000000000000000000000000000000000000002,0,0x02C7fff37b7D1B991De156836ddA43425C434daA
0xb962da0e202211101321520000000000000000000000000000000000000000000000031600000000000000000000000000000000000000000000000000038d7ea4c680000000000000000000000000000000000000000000000000000000000000000002,0,0x02C7fff37b7D1B991De156836ddA43425C434daA
0xb962da0e202211101321520000000000000000000000000000000000000000000000031700000000000000000000000000000000000000000000000000038d7ea4c680000000000000000000000000000000000000000000000000000000000000000002,0,0x02C7fff37b7D1B991De156836ddA43425C434daA
0xb962da0e202211101321520000000000000000000000000000000000000000000000031800000000000000000000000000000000000000000000000000038d7ea4c680000000000000000000000000000000000000000000000000000000000000000002,0,0x02C7fff37b7D1B991De156836ddA43425C434daA
0xb962da0e202211101321520000000000000000000000000000000000000000000000031900000000000000000000000000000000000000000000000000038d7ea4c680000000000000000000000000000000000000000000000000000000000000000002,0,0x02C7fff37b7D1B991De156836ddA43425C434daA
0xb962da0e202211101321520000000000000000000000000000000000000000000000032000000000000000000000000000000000000000000000000000038d7ea4c680000000000000000000000000000000000000000000000000000000000000000002,0,0x02C7fff37b7D1B991De156836ddA43425C434daA
0xb962da0e202211101321520000000000000000000000000000000000000000000000032100000000000000000000000000000000000000000000000000038d7ea4c680000000000000000000000000000000000000000000000000000000000000000002,0,0x02C7fff37b7D1B991De156836ddA43425C434daA
0xb962da0e202211101321520000000000000000000000000000000000000000000000032200000000000000000000000000000000000000000000000000038d7ea4c680000000000000000000000000000000000000000000000000000000000000000002,0,0x02C7fff37b7D1B991De156836ddA43425C434daA
0xb962da0e202211101321520000000000000000000000000000000000000000000000032300000000000000000000000000000000000000000000000000038d7ea4c680000000000000000000000000000000000000000000000000000000000000000002,0,0x02C7fff37b7D1B991De156836ddA43425C434daA
0xb962da0e202211101321520000000000000000000000000000000000000000000000032400000000000000000000000000000000000000000000000000038d7ea4c680000000000000000000000000000000000000000000000000000000000000000002,0,0x02C7fff37b7D1B991De156836ddA43425C434daA
0xb962da0e202211101321520000000000000000000000000000000000000000000000032500000000000000000000000000000000000000000000000000038d7ea4c680000000000000000000000000000000000000000000000000000000000000000002,0,0x02C7fff37b7D1B991De156836ddA43425C434daA
0xb962da0e202211101321520000000000000000000000000000000000000000000000032600000000000000000000000000000000000000000000000000038d7ea4c680000000000000000000000000000000000000000000000000000000000000000002,0,0x02C7fff37b7D1B991De156836ddA43425C434daA
0xb962da0e202211101321520000000000000000000000000000000000000000000000032700000000000000000000000000000000000000000000000000038d7ea4c680000000000000000000000000000000000000000000000000000000000000000002,0,0x02C7fff37b7D1B991De156836ddA43425C434daA
0xb962da0e202211101321520000000000000000000000000000000000000000000000032800000000000000000000000000000000000000000000000000038d7ea4c680000000000000000000000000000000000000000000000000000000000000000002,0,0x02C7fff37b7D1B991De156836ddA43425C434daA
0xb962da0e202211101321520000000000000000000000000000000000000000000000032900000000000000000000000000000000000000000000000000038d7ea4c680000000000000000000000000000000000000000000000000000000000000000002,0,0x02C7fff37b7D1B991De156836ddA43425C434daA
0xb962da0e202211101321520000000000000000000000000000000000000000000000033000000000000000000000000000000000000000000000000000038d7ea4c680000000000000000000000000000000000000000000000000000000000000000002,0,0x02C7fff37b7D1B991De156836ddA43425C434daA
0xb962da0e202211101321520000000000000000000000000000000000000000000000033100000000000000000000000000000000000000000000000000038d7ea4c680000000000000000000000000000000000000000000000000000000000000000002,0,0x02C7fff37b7D1B991De156836ddA43425C434daA
0xb962da0e202211101321520000000000000000000000000000000000000000000000033200000000000000000000000000000000000000000000000000038d7ea4c680000000000000000000000000000000000000000000000000000000000000000002,0,0x02C7fff37b7D1B991De156836ddA43425C434daA
0xb962da0e202211101321520000000000000000000000000000000000000000000000033300000000000000000000000000000000000000000000000000038d7ea4c680000000000000000000000000000000000000000000000000000000000000000002,0,0x02C7fff37b7D1B991De156836ddA43425C434daA
0xb962da0e202211101321520000000000000000000000000000000000000000000000033400000000000000000000000000000000000000000000000000038d7ea4c680000000000000000000000000000000000000000000000000000000000000000002,0,0x02C7fff37b7D1B991De156836ddA43425C434daA
0xb962da0e202211101321520000000000000000000000000000000000000000000000033500000000000000000000000000000000000000000000000000038d7ea4c680000000000000000000000000000000000000000000000000000000000000000002,0,0x02C7fff37b7D1B991De156836ddA43425C434daA
0xb962da0e202211101321520000000000000000000000000000000000000000000000033600000000000000000000000000000000000000000000000000038d7ea4c680000000000000000000000000000000000000000000000000000000000000000002,0,0x02C7fff37b7D1B991De156836ddA43425C434daA
0xb962da0e202211101321520000000000000000000000000000000000000000000000033700000000000000000000000000000000000000000000000000038d7ea4c680000000000000000000000000000000000000000000000000000000000000000002,0,0x02C7fff37b7D1B991De156836ddA43425C434daA
0xb962da0e202211101321520000000000000000000000000000000000000000000000033800000000000000000000000000000000000000000000000000038d7ea4c680000000000000000000000000000000000000000000000000000000000000000002,0,0x02C7fff37b7D1B991De156836ddA43425C434daA
0xb962da0e202211101321520000000000000000000000000000000000000000000000033900000000000000000000000000000000000000000000000000038d7ea4c680000000000000000000000000000000000000000000000000000000000000000002,0,0x02C7fff37b7D1B991De156836ddA43425C434daA
0xb962da0e202211101321520000000000000000000000000000000000000000000000034000000000000000000000000000000000000000000000000000038d7ea4c680000000000000000000000000000000000000000000000000000000000000000002,0,0x02C7fff37b7D1B991De156836ddA43425C434daA
0xb962da0e202211101321520000000000000000000000000000000000000000000000034100000000000000000000000000000000000000000000000000038d7ea4c680000000000000000000000000000000000000000000000000000000000000000002,0,0x02C7fff37b7D1B991De156836ddA43425C434daA
0xb962da0e202211101321520000000000000000000000000000000000000000000000034200000000000000000000000000000000000000000000000000038d7ea4c680000000000000000000000000000000000000000000000000000000000000000002,0,0x02C7fff37b7D1B991De156836ddA43425C434daA
0xb962da0e202211101321520000000000000000000000000000000000000000000000034300000000000000000000000000000000000000000000000000038d7ea4c680000000000000000000000000000000000000000000000000000000000000000002,0,0x02C7fff37b7D1B991De156836ddA43425C434daA
0xb962da0e202211101321520000000000000000000000000000000000000000000000034400000000000000000000000000000000000000000000000000038d7ea4c680000000000000000000000000000000000000000000000000000000000000000002,0,0x02C7fff37b7D1B991De156836ddA43425C434daA
0xb962da0e202211101321520000000000000000000000000000000000000000000000034500000000000000000000000000000000000000000000000000038d7ea4c680000000000000000000000000000000000000000000000000000000000000000002,0,0x02C7fff37b7D1B991De156836ddA43425C434daA
0xb962da0e202211101321520000000000000000000000000000000000000000000000034600000000000000000000000000000000000000000000000000038d7ea4c680000000000000000000000000000000000000000000000000000000000000000002,0,0x02C7fff37b7D1B991De156836ddA43425C434daA
0xb962da0e202211101321520000000000000000000000000000000000000000000000034700000000000000000000000000000000000000000000000000038d7ea4c680000000000000000000000000000000000000000000000000000000000000000002,0,0x02C7fff37b7D1B991De156836ddA43425C434daA
0xb962da0e202211101321520000000000000000000000000000000000000000000000034800000000000000000000000000000000000000000000000000038d7ea4c680000000000000000000000000000000000000000000000000000000000000000002,0,0x02C7fff37b7D1B991De156836ddA43425C434daA
0xb962da0e202211101321520000000000000000000000000000000000000000000000034900000000000000000000000000000000000000000000000000038d7ea4c680000000000000000000000000000000000000000000000000000000000000000002,0,0x02C7fff37b7D1B991De156836ddA43425C434daA
0xb962da0e202211101321520000000000000000000000000000000000000000000000035000000000000000000000000000000000000000000000000000038d7ea4c680000000000000000000000000000000000000000000000000000000000000000002,0,0x02C7fff37b7D1B991De156836ddA43425C434daA
0xb962da0e202211101321520000000000000000000000000000000000000000000000035100000000000000000000000000000000000000000000000000038d7ea4c680000000000000000000000000000000000000000000000000000000000000000002,0,0x02C7fff37b7D1B991De156836ddA43425C434daA
0xb962da0e202211101321520000000000000000000000000000000000000000000000035200000000000000000000000000000000000000000000000000038d7ea4c680000000000000000000000000000000000000000000000000000000000000000002,0,0x02C7fff37b7D1B991De156836ddA43425C434daA
0xb962da0e202211101321520000000000000000000000000000000000000000000000035300000000000000000000000000000000000000000000000000038d7ea4c680000000000000000000000000000000000000000000000000000000000000000002,0,0x02C7fff37b7D1B991De156836ddA43425C434daA
0xb962da0e202211101321520000000000000000000000000000000000000000000000035400000000000000000000000000000000000000000000000000038d7ea4c680000000000000000000000000000000000000000000000000000000000000000002,0,0x02C7fff37b7D1B991De156836ddA43425C434daA
0xb962da0e202211101321520000000000000000000000000000000000000000000000035500000000000000000000000000000000000000000000000000038d7ea4c680000000000000000000000000000000000000000000000000000000000000000002,0,0x02C7fff37b7D1B991De156836ddA43425C434daA
0xb962da0e202211101321520000000000000000000000000000000000000000000000035600000000000000000000000000000000000000000000000000038d7ea4c680000000000000000000000000000000000000000000000000000000000000000002,0,0x02C7fff37b7D1B991De156836ddA43425C434daA
