tokenId,addAmount,userId
0x2022111013215200000000000000000000000000000000000000000000000001,1000000000000000,0x0000000000000000000000000000000000000000000000000000000000000002
0x2022111013215200000000000000000000000000000000000000000000000002,1000000000000000,0x0000000000000000000000000000000000000000000000000000000000000002
0x2022111013215200000000000000000000000000000000000000000000000003,1000000000000000,0x0000000000000000000000000000000000000000000000000000000000000002
0x2022111013215200000000000000000000000000000000000000000000000004,1000000000000000,0x0000000000000000000000000000000000000000000000000000000000000002
0x2022111013215200000000000000000000000000000000000000000000000005,1000000000000000,0x0000000000000000000000000000000000000000000000000000000000000002
0x2022111013215200000000000000000000000000000000000000000000000006,1000000000000000,0x0000000000000000000000000000000000000000000000000000000000000002
0x2022111013215200000000000000000000000000000000000000000000000007,1000000000000000,0x0000000000000000000000000000000000000000000000000000000000000002
0x2022111013215200000000000000000000000000000000000000000000000008,1000000000000000,0x0000000000000000000000000000000000000000000000000000000000000002
0x2022111013215200000000000000000000000000000000000000000000000009,1000000000000000,0x0000000000000000000000000000000000000000000000000000000000000002
0x2022111013215200000000000000000000000000000000000000000000000010,1000000000000000,0x0000000000000000000000000000000000000000000000000000000000000002
0x2022111013215200000000000000000000000000000000000000000000000011,1000000000000000,0x0000000000000000000000000000000000000000000000000000000000000002
0x2022111013215200000000000000000000000000000000000000000000000012,1000000000000000,0x0000000000000000000000000000000000000000000000000000000000000002
0x2022111013215200000000000000000000000000000000000000000000000013,1000000000000000,0x0000000000000000000000000000000000000000000000000000000000000002
0x2022111013215200000000000000000000000000000000000000000000000014,1000000000000000,0x0000000000000000000000000000000000000000000000000000000000000002
0x2022111013215200000000000000000000000000000000000000000000000015,1000000000000000,0x0000000000000000000000000000000000000000000000000000000000000002
0x2022111013215200000000000000000000000000000000000000000000000016,1000000000000000,0x0000000000000000000000000000000000000000000000000000000000000002
0x2022111013215200000000000000000000000000000000000000000000000017,1000000000000000,0x0000000000000000000000000000000000000000000000000000000000000002
0x2022111013215200000000000000000000000000000000000000000000000018,1000000000000000,0x0000000000000000000000000000000000000000000000000000000000000002
0x2022111013215200000000000000000000000000000000000000000000000019,1000000000000000,0x0000000000000000000000000000000000000000000000000000000000000002
0x2022111013215200000000000000000000000000000000000000000000000020,1000000000000000,0x0000000000000000000000000000000000000000000000000000000000000002
0x2022111013215200000000000000000000000000000000000000000000000021,1000000000000000,0x0000000000000000000000000000000000000000000000000000000000000002
0x2022111013215200000000000000000000000000000000000000000000000022,1000000000000000,0x0000000000000000000000000000000000000000000000000000000000000002
0x2022111013215200000000000000000000000000000000000000000000000023,1000000000000000,0x0000000000000000000000000000000000000000000000000000000000000002
0x2022111013215200000000000000000000000000000000000000000000000024,1000000000000000,0x0000000000000000000000000000000000000000000000000000000000000002
0x2022111013215200000000000000000000000000000000000000000000000025,1000000000000000,0x0000000000000000000000000000000000000000000000000000000000000002
0x2022111013215200000000000000000000000000000000000000000000000026,1000000000000000,0x0000000000000000000000000000000000000000000000000000000000000002
0x2022111013215200000000000000000000000000000000000000000000000027,1000000000000000,0x0000000000000000000000000000000000000000000000000000000000000002
0x2022111013215200000000000000000000000000000000000000000000000028,1000000000000000,0x0000000000000000000000000000000000000000000000000000000000000002
0x2022111013215200000000000000000000000000000000000000000000000029,1000000000000000,0x0000000000000000000000000000000000000000000000000000000000000002
0x2022111013215200000000000000000000000000000000000000000000000030,1000000000000000,0x0000000000000000000000000000000000000000000000000000000000000002
0x2022111013215200000000000000000000000000000000000000000000000031,1000000000000000,0x0000000000000000000000000000000000000000000000000000000000000002
0x2022111013215200000000000000000000000000000000000000000000000032,1000000000000000,0x0000000000000000000000000000000000000000000000000000000000000002
0x2022111013215200000000000000000000000000000000000000000000000033,1000000000000000,0x0000000000000000000000000000000000000000000000000000000000000002
0x2022111013215200000000000000000000000000000000000000000000000034,1000000000000000,0x0000000000000000000000000000000000000000000000000000000000000002
0x2022111013215200000000000000000000000000000000000000000000000035,1000000000000000,0x0000000000000000000000000000000000000000000000000000000000000002
0x2022111013215200000000000000000000000000000000000000000000000036,1000000000000000,0x0000000000000000000000000000000000000000000000000000000000000002
0x2022111013215200000000000000000000000000000000000000000000000037,1000000000000000,0x0000000000000000000000000000000000000000000000000000000000000002
0x2022111013215200000000000000000000000000000000000000000000000038,1000000000000000,0x0000000000000000000000000000000000000000000000000000000000000002
0x2022111013215200000000000000000000000000000000000000000000000039,1000000000000000,0x0000000000000000000000000000000000000000000000000000000000000002
0x2022111013215200000000000000000000000000000000000000000000000040,1000000000000000,0x0000000000000000000000000000000000000000000000000000000000000002
0x2022111013215200000000000000000000000000000000000000000000000041,1000000000000000,0x0000000000000000000000000000000000000000000000000000000000000002
0x2022111013215200000000000000000000000000000000000000000000000042,1000000000000000,0x0000000000000000000000000000000000000000000000000000000000000002
0x2022111013215200000000000000000000000000000000000000000000000043,1000000000000000,0x0000000000000000000000000000000000000000000000000000000000000002
0x2022111013215200000000000000000000000000000000000000000000000044,1000000000000000,0x0000000000000000000000000000000000000000000000000000000000000002
0x2022111013215200000000000000000000000000000000000000000000000045,1000000000000000,0x0000000000000000000000000000000000000000000000000000000000000002
0x2022111013215200000000000000000000000000000000000000000000000046,1000000000000000,0x0000000000000000000000000000000000000000000000000000000000000002
0x2022111013215200000000000000000000000000000000000000000000000047,1000000000000000,0x0000000000000000000000000000000000000000000000000000000000000002
0x2022111013215200000000000000000000000000000000000000000000000048,1000000000000000,0x0000000000000000000000000000000000000000000000000000000000000002
0x2022111013215200000000000000000000000000000000000000000000000049,1000000000000000,0x0000000000000000000000000000000000000000000000000000000000000002
0x2022111013215200000000000000000000000000000000000000000000000050,1000000000000000,0x0000000000000000000000000000000000000000000000000000000000000002
0x2022111013215200000000000000000000000000000000000000000000000051,1000000000000000,0x0000000000000000000000000000000000000000000000000000000000000002
0x2022111013215200000000000000000000000000000000000000000000000052,1000000000000000,0x0000000000000000000000000000000000000000000000000000000000000002
0x2022111013215200000000000000000000000000000000000000000000000053,1000000000000000,0x0000000000000000000000000000000000000000000000000000000000000002
0x2022111013215200000000000000000000000000000000000000000000000054,1000000000000000,0x0000000000000000000000000000000000000000000000000000000000000002
0x2022111013215200000000000000000000000000000000000000000000000055,1000000000000000,0x0000000000000000000000000000000000000000000000000000000000000002
0x2022111013215200000000000000000000000000000000000000000000000056,1000000000000000,0x0000000000000000000000000000000000000000000000000000000000000002
0x2022111013215200000000000000000000000000000000000000000000000057,1000000000000000,0x0000000000000000000000000000000000000000000000000000000000000002
0x2022111013215200000000000000000000000000000000000000000000000058,1000000000000000,0x0000000000000000000000000000000000000000000000000000000000000002
0x2022111013215200000000000000000000000000000000000000000000000059,1000000000000000,0x0000000000000000000000000000000000000000000000000000000000000002
0x2022111013215200000000000000000000000000000000000000000000000060,1000000000000000,0x0000000000000000000000000000000000000000000000000000000000000002
0x2022111013215200000000000000000000000000000000000000000000000061,1000000000000000,0x0000000000000000000000000000000000000000000000000000000000000002
0x2022111013215200000000000000000000000000000000000000000000000062,1000000000000000,0x0000000000000000000000000000000000000000000000000000000000000002
0x2022111013215200000000000000000000000000000000000000000000000063,1000000000000000,0x0000000000000000000000000000000000000000000000000000000000000002
0x2022111013215200000000000000000000000000000000000000000000000064,1000000000000000,0x0000000000000000000000000000000000000000000000000000000000000002
0x2022111013215200000000000000000000000000000000000000000000000065,1000000000000000,0x0000000000000000000000000000000000000000000000000000000000000002
0x2022111013215200000000000000000000000000000000000000000000000066,1000000000000000,0x0000000000000000000000000000000000000000000000000000000000000002
0x2022111013215200000000000000000000000000000000000000000000000067,1000000000000000,0x0000000000000000000000000000000000000000000000000000000000000002
0x2022111013215200000000000000000000000000000000000000000000000068,1000000000000000,0x0000000000000000000000000000000000000000000000000000000000000002
0x2022111013215200000000000000000000000000000000000000000000000069,1000000000000000,0x0000000000000000000000000000000000000000000000000000000000000002
0x2022111013215200000000000000000000000000000000000000000000000070,1000000000000000,0x0000000000000000000000000000000000000000000000000000000000000002
0x2022111013215200000000000000000000000000000000000000000000000071,1000000000000000,0x0000000000000000000000000000000000000000000000000000000000000002
0x2022111013215200000000000000000000000000000000000000000000000072,1000000000000000,0x0000000000000000000000000000000000000000000000000000000000000002
0x2022111013215200000000000000000000000000000000000000000000000073,1000000000000000,0x0000000000000000000000000000000000000000000000000000000000000002
0x2022111013215200000000000000000000000000000000000000000000000074,1000000000000000,0x0000000000000000000000000000000000000000000000000000000000000002
0x2022111013215200000000000000000000000000000000000000000000000075,1000000000000000,0x0000000000000000000000000000000000000000000000000000000000000002
0x2022111013215200000000000000000000000000000000000000000000000076,1000000000000000,0x0000000000000000000000000000000000000000000000000000000000000002
0x2022111013215200000000000000000000000000000000000000000000000077,1000000000000000,0x0000000000000000000000000000000000000000000000000000000000000002
0x2022111013215200000000000000000000000000000000000000000000000078,1000000000000000,0x0000000000000000000000000000000000000000000000000000000000000002
0x2022111013215200000000000000000000000000000000000000000000000079,1000000000000000,0x0000000000000000000000000000000000000000000000000000000000000002
0x2022111013215200000000000000000000000000000000000000000000000080,1000000000000000,0x0000000000000000000000000000000000000000000000000000000000000002
0x2022111013215200000000000000000000000000000000000000000000000081,1000000000000000,0x0000000000000000000000000000000000000000000000000000000000000002
0x2022111013215200000000000000000000000000000000000000000000000082,1000000000000000,0x0000000000000000000000000000000000000000000000000000000000000002
0x2022111013215200000000000000000000000000000000000000000000000083,1000000000000000,0x0000000000000000000000000000000000000000000000000000000000000002
0x2022111013215200000000000000000000000000000000000000000000000084,1000000000000000,0x0000000000000000000000000000000000000000000000000000000000000002
0x2022111013215200000000000000000000000000000000000000000000000085,1000000000000000,0x0000000000000000000000000000000000000000000000000000000000000002
0x2022111013215200000000000000000000000000000000000000000000000086,1000000000000000,0x0000000000000000000000000000000000000000000000000000000000000002
0x2022111013215200000000000000000000000000000000000000000000000087,1000000000000000,0x0000000000000000000000000000000000000000000000000000000000000002
0x2022111013215200000000000000000000000000000000000000000000000088,1000000000000000,0x0000000000000000000000000000000000000000000000000000000000000002
0x2022111013215200000000000000000000000000000000000000000000000089,1000000000000000,0x0000000000000000000000000000000000000000000000000000000000000002
0x2022111013215200000000000000000000000000000000000000000000000090,1000000000000000,0x0000000000000000000000000000000000000000000000000000000000000002
0x2022111013215200000000000000000000000000000000000000000000000091,1000000000000000,0x0000000000000000000000000000000000000000000000000000000000000002
0x2022111013215200000000000000000000000000000000000000000000000092,1000000000000000,0x0000000000000000000000000000000000000000000000000000000000000002
0x2022111013215200000000000000000000000000000000000000000000000093,1000000000000000,0x0000000000000000000000000000000000000000000000000000000000000002
0x2022111013215200000000000000000000000000000000000000000000000094,1000000000000000,0x0000000000000000000000000000000000000000000000000000000000000002
0x2022111013215200000000000000000000000000000000000000000000000095,1000000000000000,0x0000000000000000000000000000000000000000000000000000000000000002
0x2022111013215200000000000000000000000000000000000000000000000096,1000000000000000,0x0000000000000000000000000000000000000000000000000000000000000002
0x2022111013215200000000000000000000000000000000000000000000000097,1000000000000000,0x0000000000000000000000000000000000000000000000000000000000000002
0x2022111013215200000000000000000000000000000000000000000000000098,1000000000000000,0x0000000000000000000000000000000000000000000000000000000000000002
0x2022111013215200000000000000000000000000000000000000000000000099,1000000000000000,0x0000000000000000000000000000000000000000000000000000000000000002
0x2022111013215200000000000000000000000000000000000000000000000100,1000000000000000,0x0000000000000000000000000000000000000000000000000000000000000002
0x2022111013215200000000000000000000000000000000000000000000000101,1000000000000000,0x0000000000000000000000000000000000000000000000000000000000000002
0x2022111013215200000000000000000000000000000000000000000000000102,1000000000000000,0x0000000000000000000000000000000000000000000000000000000000000002
0x2022111013215200000000000000000000000000000000000000000000000103,1000000000000000,0x0000000000000000000000000000000000000000000000000000000000000002
0x2022111013215200000000000000000000000000000000000000000000000104,1000000000000000,0x0000000000000000000000000000000000000000000000000000000000000002
0x2022111013215200000000000000000000000000000000000000000000000105,1000000000000000,0x0000000000000000000000000000000000000000000000000000000000000002
0x2022111013215200000000000000000000000000000000000000000000000106,1000000000000000,0x0000000000000000000000000000000000000000000000000000000000000002
0x2022111013215200000000000000000000000000000000000000000000000107,1000000000000000,0x0000000000000000000000000000000000000000000000000000000000000002
0x2022111013215200000000000000000000000000000000000000000000000108,1000000000000000,0x0000000000000000000000000000000000000000000000000000000000000002
0x2022111013215200000000000000000000000000000000000000000000000109,1000000000000000,0x0000000000000000000000000000000000000000000000000000000000000002
0x2022111013215200000000000000000000000000000000000000000000000110,1000000000000000,0x0000000000000000000000000000000000000000000000000000000000000002
0x2022111013215200000000000000000000000000000000000000000000000111,1000000000000000,0x0000000000000000000000000000000000000000000000000000000000000002
0x2022111013215200000000000000000000000000000000000000000000000112,1000000000000000,0x0000000000000000000000000000000000000000000000000000000000000002
0x2022111013215200000000000000000000000000000000000000000000000113,1000000000000000,0x0000000000000000000000000000000000000000000000000000000000000002
0x2022111013215200000000000000000000000000000000000000000000000114,1000000000000000,0x0000000000000000000000000000000000000000000000000000000000000002
0x2022111013215200000000000000000000000000000000000000000000000115,1000000000000000,0x0000000000000000000000000000000000000000000000000000000000000002
0x2022111013215200000000000000000000000000000000000000000000000116,1000000000000000,0x0000000000000000000000000000000000000000000000000000000000000002
0x2022111013215200000000000000000000000000000000000000000000000117,1000000000000000,0x0000000000000000000000000000000000000000000000000000000000000002
0x2022111013215200000000000000000000000000000000000000000000000118,1000000000000000,0x0000000000000000000000000000000000000000000000000000000000000002
0x2022111013215200000000000000000000000000000000000000000000000119,1000000000000000,0x0000000000000000000000000000000000000000000000000000000000000002
0x2022111013215200000000000000000000000000000000000000000000000120,1000000000000000,0x0000000000000000000000000000000000000000000000000000000000000002
0x2022111013215200000000000000000000000000000000000000000000000121,1000000000000000,0x0000000000000000000000000000000000000000000000000000000000000002
0x2022111013215200000000000000000000000000000000000000000000000122,1000000000000000,0x0000000000000000000000000000000000000000000000000000000000000002
0x2022111013215200000000000000000000000000000000000000000000000123,1000000000000000,0x0000000000000000000000000000000000000000000000000000000000000002
0x2022111013215200000000000000000000000000000000000000000000000124,1000000000000000,0x0000000000000000000000000000000000000000000000000000000000000002
0x2022111013215200000000000000000000000000000000000000000000000125,1000000000000000,0x0000000000000000000000000000000000000000000000000000000000000002
0x2022111013215200000000000000000000000000000000000000000000000126,1000000000000000,0x0000000000000000000000000000000000000000000000000000000000000002
0x2022111013215200000000000000000000000000000000000000000000000127,1000000000000000,0x0000000000000000000000000000000000000000000000000000000000000002
0x2022111013215200000000000000000000000000000000000000000000000128,1000000000000000,0x0000000000000000000000000000000000000000000000000000000000000002
0x2022111013215200000000000000000000000000000000000000000000000129,1000000000000000,0x0000000000000000000000000000000000000000000000000000000000000002
0x2022111013215200000000000000000000000000000000000000000000000130,1000000000000000,0x0000000000000000000000000000000000000000000000000000000000000002
0x2022111013215200000000000000000000000000000000000000000000000131,1000000000000000,0x0000000000000000000000000000000000000000000000000000000000000002
0x2022111013215200000000000000000000000000000000000000000000000132,1000000000000000,0x0000000000000000000000000000000000000000000000000000000000000002
0x2022111013215200000000000000000000000000000000000000000000000133,1000000000000000,0x0000000000000000000000000000000000000000000000000000000000000002
0x2022111013215200000000000000000000000000000000000000000000000134,1000000000000000,0x0000000000000000000000000000000000000000000000000000000000000002
0x2022111013215200000000000000000000000000000000000000000000000135,1000000000000000,0x0000000000000000000000000000000000000000000000000000000000000002
0x2022111013215200000000000000000000000000000000000000000000000136,1000000000000000,0x0000000000000000000000000000000000000000000000000000000000000002
0x2022111013215200000000000000000000000000000000000000000000000137,1000000000000000,0x0000000000000000000000000000000000000000000000000000000000000002
0x2022111013215200000000000000000000000000000000000000000000000138,1000000000000000,0x0000000000000000000000000000000000000000000000000000000000000002
0x2022111013215200000000000000000000000000000000000000000000000139,1000000000000000,0x0000000000000000000000000000000000000000000000000000000000000002
0x2022111013215200000000000000000000000000000000000000000000000140,1000000000000000,0x0000000000000000000000000000000000000000000000000000000000000002
0x2022111013215200000000000000000000000000000000000000000000000141,1000000000000000,0x0000000000000000000000000000000000000000000000000000000000000002
0x2022111013215200000000000000000000000000000000000000000000000142,1000000000000000,0x0000000000000000000000000000000000000000000000000000000000000002
0x2022111013215200000000000000000000000000000000000000000000000143,1000000000000000,0x0000000000000000000000000000000000000000000000000000000000000002
0x2022111013215200000000000000000000000000000000000000000000000144,1000000000000000,0x0000000000000000000000000000000000000000000000000000000000000002
0x2022111013215200000000000000000000000000000000000000000000000145,1000000000000000,0x0000000000000000000000000000000000000000000000000000000000000002
0x2022111013215200000000000000000000000000000000000000000000000146,1000000000000000,0x0000000000000000000000000000000000000000000000000000000000000002
0x2022111013215200000000000000000000000000000000000000000000000147,1000000000000000,0x0000000000000000000000000000000000000000000000000000000000000002
0x2022111013215200000000000000000000000000000000000000000000000148,1000000000000000,0x0000000000000000000000000000000000000000000000000000000000000002
0x2022111013215200000000000000000000000000000000000000000000000149,1000000000000000,0x0000000000000000000000000000000000000000000000000000000000000002
0x2022111013215200000000000000000000000000000000000000000000000150,1000000000000000,0x0000000000000000000000000000000000000000000000000000000000000002
0x2022111013215200000000000000000000000000000000000000000000000151,1000000000000000,0x0000000000000000000000000000000000000000000000000000000000000002
0x2022111013215200000000000000000000000000000000000000000000000152,1000000000000000,0x0000000000000000000000000000000000000000000000000000000000000002
0x2022111013215200000000000000000000000000000000000000000000000153,1000000000000000,0x0000000000000000000000000000000000000000000000000000000000000002
0x2022111013215200000000000000000000000000000000000000000000000154,1000000000000000,0x0000000000000000000000000000000000000000000000000000000000000002
0x2022111013215200000000000000000000000000000000000000000000000155,1000000000000000,0x0000000000000000000000000000000000000000000000000000000000000002
0x2022111013215200000000000000000000000000000000000000000000000156,1000000000000000,0x0000000000000000000000000000000000000000000000000000000000000002
0x2022111013215200000000000000000000000000000000000000000000000157,1000000000000000,0x0000000000000000000000000000000000000000000000000000000000000002
0x2022111013215200000000000000000000000000000000000000000000000158,1000000000000000,0x0000000000000000000000000000000000000000000000000000000000000002
0x2022111013215200000000000000000000000000000000000000000000000159,1000000000000000,0x0000000000000000000000000000000000000000000000000000000000000002
0x2022111013215200000000000000000000000000000000000000000000000160,1000000000000000,0x0000000000000000000000000000000000000000000000000000000000000002
0x2022111013215200000000000000000000000000000000000000000000000161,1000000000000000,0x0000000000000000000000000000000000000000000000000000000000000002
0x2022111013215200000000000000000000000000000000000000000000000162,1000000000000000,0x0000000000000000000000000000000000000000000000000000000000000002
0x2022111013215200000000000000000000000000000000000000000000000163,1000000000000000,0x0000000000000000000000000000000000000000000000000000000000000002
0x2022111013215200000000000000000000000000000000000000000000000164,1000000000000000,0x0000000000000000000000000000000000000000000000000000000000000002
0x2022111013215200000000000000000000000000000000000000000000000165,1000000000000000,0x0000000000000000000000000000000000000000000000000000000000000002
0x2022111013215200000000000000000000000000000000000000000000000166,1000000000000000,0x0000000000000000000000000000000000000000000000000000000000000002
0x2022111013215200000000000000000000000000000000000000000000000167,1000000000000000,0x0000000000000000000000000000000000000000000000000000000000000002
0x2022111013215200000000000000000000000000000000000000000000000168,1000000000000000,0x0000000000000000000000000000000000000000000000000000000000000002
0x2022111013215200000000000000000000000000000000000000000000000169,1000000000000000,0x0000000000000000000000000000000000000000000000000000000000000002
0x2022111013215200000000000000000000000000000000000000000000000170,1000000000000000,0x0000000000000000000000000000000000000000000000000000000000000002
0x2022111013215200000000000000000000000000000000000000000000000171,1000000000000000,0x0000000000000000000000000000000000000000000000000000000000000002
0x2022111013215200000000000000000000000000000000000000000000000172,1000000000000000,0x0000000000000000000000000000000000000000000000000000000000000002
0x2022111013215200000000000000000000000000000000000000000000000173,1000000000000000,0x0000000000000000000000000000000000000000000000000000000000000002
0x2022111013215200000000000000000000000000000000000000000000000174,1000000000000000,0x0000000000000000000000000000000000000000000000000000000000000002
0x2022111013215200000000000000000000000000000000000000000000000175,1000000000000000,0x0000000000000000000000000000000000000000000000000000000000000002
0x2022111013215200000000000000000000000000000000000000000000000176,1000000000000000,0x0000000000000000000000000000000000000000000000000000000000000002
0x2022111013215200000000000000000000000000000000000000000000000177,1000000000000000,0x0000000000000000000000000000000000000000000000000000000000000002
0x2022111013215200000000000000000000000000000000000000000000000178,1000000000000000,0x0000000000000000000000000000000000000000000000000000000000000002
0x2022111013215200000000000000000000000000000000000000000000000179,1000000000000000,0x0000000000000000000000000000000000000000000000000000000000000002
0x2022111013215200000000000000000000000000000000000000000000000180,1000000000000000,0x0000000000000000000000000000000000000000000000000000000000000002
0x2022111013215200000000000000000000000000000000000000000000000181,1000000000000000,0x0000000000000000000000000000000000000000000000000000000000000002
0x2022111013215200000000000000000000000000000000000000000000000182,1000000000000000,0x0000000000000000000000000000000000000000000000000000000000000002
0x2022111013215200000000000000000000000000000000000000000000000183,1000000000000000,0x0000000000000000000000000000000000000000000000000000000000000002
0x2022111013215200000000000000000000000000000000000000000000000184,1000000000000000,0x0000000000000000000000000000000000000000000000000000000000000002
0x2022111013215200000000000000000000000000000000000000000000000185,1000000000000000,0x0000000000000000000000000000000000000000000000000000000000000002
0x2022111013215200000000000000000000000000000000000000000000000186,1000000000000000,0x0000000000000000000000000000000000000000000000000000000000000002
0x2022111013215200000000000000000000000000000000000000000000000187,1000000000000000,0x0000000000000000000000000000000000000000000000000000000000000002
0x2022111013215200000000000000000000000000000000000000000000000188,1000000000000000,0x0000000000000000000000000000000000000000000000000000000000000002
0x2022111013215200000000000000000000000000000000000000000000000189,1000000000000000,0x0000000000000000000000000000000000000000000000000000000000000002
0x2022111013215200000000000000000000000000000000000000000000000190,1000000000000000,0x0000000000000000000000000000000000000000000000000000000000000002
0x2022111013215200000000000000000000000000000000000000000000000191,1000000000000000,0x0000000000000000000000000000000000000000000000000000000000000002
0x2022111013215200000000000000000000000000000000000000000000000192,1000000000000000,0x0000000000000000000000000000000000000000000000000000000000000002
0x2022111013215200000000000000000000000000000000000000000000000193,1000000000000000,0x0000000000000000000000000000000000000000000000000000000000000002
0x2022111013215200000000000000000000000000000000000000000000000194,1000000000000000,0x0000000000000000000000000000000000000000000000000000000000000002
0x2022111013215200000000000000000000000000000000000000000000000195,1000000000000000,0x0000000000000000000000000000000000000000000000000000000000000002
0x2022111013215200000000000000000000000000000000000000000000000196,1000000000000000,0x0000000000000000000000000000000000000000000000000000000000000002
0x2022111013215200000000000000000000000000000000000000000000000197,1000000000000000,0x0000000000000000000000000000000000000000000000000000000000000002
0x2022111013215200000000000000000000000000000000000000000000000198,1000000000000000,0x0000000000000000000000000000000000000000000000000000000000000002
0x2022111013215200000000000000000000000000000000000000000000000199,1000000000000000,0x0000000000000000000000000000000000000000000000000000000000000002
0x2022111013215200000000000000000000000000000000000000000000000200,1000000000000000,0x0000000000000000000000000000000000000000000000000000000000000002
0x2022111013215200000000000000000000000000000000000000000000000201,1000000000000000,0x0000000000000000000000000000000000000000000000000000000000000002
0x2022111013215200000000000000000000000000000000000000000000000202,1000000000000000,0x0000000000000000000000000000000000000000000000000000000000000002
0x2022111013215200000000000000000000000000000000000000000000000203,1000000000000000,0x0000000000000000000000000000000000000000000000000000000000000002
0x2022111013215200000000000000000000000000000000000000000000000204,1000000000000000,0x0000000000000000000000000000000000000000000000000000000000000002
0x2022111013215200000000000000000000000000000000000000000000000205,1000000000000000,0x0000000000000000000000000000000000000000000000000000000000000002
0x2022111013215200000000000000000000000000000000000000000000000206,1000000000000000,0x0000000000000000000000000000000000000000000000000000000000000002
0x2022111013215200000000000000000000000000000000000000000000000207,1000000000000000,0x0000000000000000000000000000000000000000000000000000000000000002
0x2022111013215200000000000000000000000000000000000000000000000208,1000000000000000,0x0000000000000000000000000000000000000000000000000000000000000002
0x2022111013215200000000000000000000000000000000000000000000000209,1000000000000000,0x0000000000000000000000000000000000000000000000000000000000000002
0x2022111013215200000000000000000000000000000000000000000000000210,1000000000000000,0x0000000000000000000000000000000000000000000000000000000000000002
0x2022111013215200000000000000000000000000000000000000000000000211,1000000000000000,0x0000000000000000000000000000000000000000000000000000000000000002
0x2022111013215200000000000000000000000000000000000000000000000212,1000000000000000,0x0000000000000000000000000000000000000000000000000000000000000002
0x2022111013215200000000000000000000000000000000000000000000000213,1000000000000000,0x0000000000000000000000000000000000000000000000000000000000000002
0x2022111013215200000000000000000000000000000000000000000000000214,1000000000000000,0x0000000000000000000000000000000000000000000000000000000000000002
0x2022111013215200000000000000000000000000000000000000000000000215,1000000000000000,0x0000000000000000000000000000000000000000000000000000000000000002
0x2022111013215200000000000000000000000000000000000000000000000216,1000000000000000,0x0000000000000000000000000000000000000000000000000000000000000002
0x2022111013215200000000000000000000000000000000000000000000000217,1000000000000000,0x0000000000000000000000000000000000000000000000000000000000000002
0x2022111013215200000000000000000000000000000000000000000000000218,1000000000000000,0x0000000000000000000000000000000000000000000000000000000000000002
0x2022111013215200000000000000000000000000000000000000000000000219,1000000000000000,0x0000000000000000000000000000000000000000000000000000000000000002
0x2022111013215200000000000000000000000000000000000000000000000220,1000000000000000,0x0000000000000000000000000000000000000000000000000000000000000002
0x2022111013215200000000000000000000000000000000000000000000000221,1000000000000000,0x0000000000000000000000000000000000000000000000000000000000000002
0x2022111013215200000000000000000000000000000000000000000000000222,1000000000000000,0x0000000000000000000000000000000000000000000000000000000000000002
0x2022111013215200000000000000000000000000000000000000000000000223,1000000000000000,0x0000000000000000000000000000000000000000000000000000000000000002
0x2022111013215200000000000000000000000000000000000000000000000224,1000000000000000,0x0000000000000000000000000000000000000000000000000000000000000002
0x2022111013215200000000000000000000000000000000000000000000000225,1000000000000000,0x0000000000000000000000000000000000000000000000000000000000000002
0x2022111013215200000000000000000000000000000000000000000000000226,1000000000000000,0x0000000000000000000000000000000000000000000000000000000000000002
0x2022111013215200000000000000000000000000000000000000000000000227,1000000000000000,0x0000000000000000000000000000000000000000000000000000000000000002
0x2022111013215200000000000000000000000000000000000000000000000228,1000000000000000,0x0000000000000000000000000000000000000000000000000000000000000002
0x2022111013215200000000000000000000000000000000000000000000000229,1000000000000000,0x0000000000000000000000000000000000000000000000000000000000000002
0x2022111013215200000000000000000000000000000000000000000000000230,1000000000000000,0x0000000000000000000000000000000000000000000000000000000000000002
0x2022111013215200000000000000000000000000000000000000000000000231,1000000000000000,0x0000000000000000000000000000000000000000000000000000000000000002
0x2022111013215200000000000000000000000000000000000000000000000232,1000000000000000,0x0000000000000000000000000000000000000000000000000000000000000002
0x2022111013215200000000000000000000000000000000000000000000000233,1000000000000000,0x0000000000000000000000000000000000000000000000000000000000000002
0x2022111013215200000000000000000000000000000000000000000000000234,1000000000000000,0x0000000000000000000000000000000000000000000000000000000000000002
0x2022111013215200000000000000000000000000000000000000000000000235,1000000000000000,0x0000000000000000000000000000000000000000000000000000000000000002
0x2022111013215200000000000000000000000000000000000000000000000236,1000000000000000,0x0000000000000000000000000000000000000000000000000000000000000002
0x2022111013215200000000000000000000000000000000000000000000000237,1000000000000000,0x0000000000000000000000000000000000000000000000000000000000000002
0x2022111013215200000000000000000000000000000000000000000000000238,1000000000000000,0x0000000000000000000000000000000000000000000000000000000000000002
0x2022111013215200000000000000000000000000000000000000000000000239,1000000000000000,0x0000000000000000000000000000000000000000000000000000000000000002
0x2022111013215200000000000000000000000000000000000000000000000240,1000000000000000,0x0000000000000000000000000000000000000000000000000000000000000002
0x2022111013215200000000000000000000000000000000000000000000000241,1000000000000000,0x0000000000000000000000000000000000000000000000000000000000000002
0x2022111013215200000000000000000000000000000000000000000000000242,1000000000000000,0x0000000000000000000000000000000000000000000000000000000000000002
0x2022111013215200000000000000000000000000000000000000000000000243,1000000000000000,0x0000000000000000000000000000000000000000000000000000000000000002
0x2022111013215200000000000000000000000000000000000000000000000244,1000000000000000,0x0000000000000000000000000000000000000000000000000000000000000002
0x2022111013215200000000000000000000000000000000000000000000000245,1000000000000000,0x0000000000000000000000000000000000000000000000000000000000000002
0x2022111013215200000000000000000000000000000000000000000000000246,1000000000000000,0x0000000000000000000000000000000000000000000000000000000000000002
0x2022111013215200000000000000000000000000000000000000000000000247,1000000000000000,0x0000000000000000000000000000000000000000000000000000000000000002
0x2022111013215200000000000000000000000000000000000000000000000248,1000000000000000,0x0000000000000000000000000000000000000000000000000000000000000002
0x2022111013215200000000000000000000000000000000000000000000000249,1000000000000000,0x0000000000000000000000000000000000000000000000000000000000000002
0x2022111013215200000000000000000000000000000000000000000000000250,1000000000000000,0x0000000000000000000000000000000000000000000000000000000000000002
0x2022111013215200000000000000000000000000000000000000000000000251,1000000000000000,0x0000000000000000000000000000000000000000000000000000000000000002
0x2022111013215200000000000000000000000000000000000000000000000252,1000000000000000,0x0000000000000000000000000000000000000000000000000000000000000002
0x2022111013215200000000000000000000000000000000000000000000000253,1000000000000000,0x0000000000000000000000000000000000000000000000000000000000000002
0x2022111013215200000000000000000000000000000000000000000000000254,1000000000000000,0x0000000000000000000000000000000000000000000000000000000000000002
0x2022111013215200000000000000000000000000000000000000000000000255,1000000000000000,0x0000000000000000000000000000000000000000000000000000000000000002
0x2022111013215200000000000000000000000000000000000000000000000256,1000000000000000,0x0000000000000000000000000000000000000000000000000000000000000002
0x2022111013215200000000000000000000000000000000000000000000000257,1000000000000000,0x0000000000000000000000000000000000000000000000000000000000000002
0x2022111013215200000000000000000000000000000000000000000000000258,1000000000000000,0x0000000000000000000000000000000000000000000000000000000000000002
0x2022111013215200000000000000000000000000000000000000000000000259,1000000000000000,0x0000000000000000000000000000000000000000000000000000000000000002
0x2022111013215200000000000000000000000000000000000000000000000260,1000000000000000,0x0000000000000000000000000000000000000000000000000000000000000002
0x2022111013215200000000000000000000000000000000000000000000000261,1000000000000000,0x0000000000000000000000000000000000000000000000000000000000000002
0x2022111013215200000000000000000000000000000000000000000000000262,1000000000000000,0x0000000000000000000000000000000000000000000000000000000000000002
0x2022111013215200000000000000000000000000000000000000000000000263,1000000000000000,0x0000000000000000000000000000000000000000000000000000000000000002
0x2022111013215200000000000000000000000000000000000000000000000264,1000000000000000,0x0000000000000000000000000000000000000000000000000000000000000002
0x2022111013215200000000000000000000000000000000000000000000000265,1000000000000000,0x0000000000000000000000000000000000000000000000000000000000000002
0x2022111013215200000000000000000000000000000000000000000000000266,1000000000000000,0x0000000000000000000000000000000000000000000000000000000000000002
0x2022111013215200000000000000000000000000000000000000000000000267,1000000000000000,0x0000000000000000000000000000000000000000000000000000000000000002
0x2022111013215200000000000000000000000000000000000000000000000268,1000000000000000,0x0000000000000000000000000000000000000000000000000000000000000002
0x2022111013215200000000000000000000000000000000000000000000000269,1000000000000000,0x0000000000000000000000000000000000000000000000000000000000000002
0x2022111013215200000000000000000000000000000000000000000000000270,1000000000000000,0x0000000000000000000000000000000000000000000000000000000000000002
0x2022111013215200000000000000000000000000000000000000000000000271,1000000000000000,0x0000000000000000000000000000000000000000000000000000000000000002
0x2022111013215200000000000000000000000000000000000000000000000272,1000000000000000,0x0000000000000000000000000000000000000000000000000000000000000002
0x2022111013215200000000000000000000000000000000000000000000000273,1000000000000000,0x0000000000000000000000000000000000000000000000000000000000000002
0x2022111013215200000000000000000000000000000000000000000000000274,1000000000000000,0x0000000000000000000000000000000000000000000000000000000000000002
0x2022111013215200000000000000000000000000000000000000000000000275,1000000000000000,0x0000000000000000000000000000000000000000000000000000000000000002
0x2022111013215200000000000000000000000000000000000000000000000276,1000000000000000,0x0000000000000000000000000000000000000000000000000000000000000002
0x2022111013215200000000000000000000000000000000000000000000000277,1000000000000000,0x0000000000000000000000000000000000000000000000000000000000000002
0x2022111013215200000000000000000000000000000000000000000000000278,1000000000000000,0x0000000000000000000000000000000000000000000000000000000000000002
0x2022111013215200000000000000000000000000000000000000000000000279,1000000000000000,0x0000000000000000000000000000000000000000000000000000000000000002
0x2022111013215200000000000000000000000000000000000000000000000280,1000000000000000,0x0000000000000000000000000000000000000000000000000000000000000002
0x2022111013215200000000000000000000000000000000000000000000000281,1000000000000000,0x0000000000000000000000000000000000000000000000000000000000000002
0x2022111013215200000000000000000000000000000000000000000000000282,1000000000000000,0x0000000000000000000000000000000000000000000000000000000000000002
0x2022111013215200000000000000000000000000000000000000000000000283,1000000000000000,0x0000000000000000000000000000000000000000000000000000000000000002
0x2022111013215200000000000000000000000000000000000000000000000284,1000000000000000,0x0000000000000000000000000000000000000000000000000000000000000002
0x2022111013215200000000000000000000000000000000000000000000000285,1000000000000000,0x0000000000000000000000000000000000000000000000000000000000000002
0x2022111013215200000000000000000000000000000000000000000000000286,1000000000000000,0x0000000000000000000000000000000000000000000000000000000000000002
0x2022111013215200000000000000000000000000000000000000000000000287,1000000000000000,0x0000000000000000000000000000000000000000000000000000000000000002
0x2022111013215200000000000000000000000000000000000000000000000288,1000000000000000,0x0000000000000000000000000000000000000000000000000000000000000002
0x2022111013215200000000000000000000000000000000000000000000000289,1000000000000000,0x0000000000000000000000000000000000000000000000000000000000000002
0x2022111013215200000000000000000000000000000000000000000000000290,1000000000000000,0x0000000000000000000000000000000000000000000000000000000000000002
0x2022111013215200000000000000000000000000000000000000000000000291,1000000000000000,0x0000000000000000000000000000000000000000000000000000000000000002
0x2022111013215200000000000000000000000000000000000000000000000292,1000000000000000,0x0000000000000000000000000000000000000000000000000000000000000002
0x2022111013215200000000000000000000000000000000000000000000000293,1000000000000000,0x0000000000000000000000000000000000000000000000000000000000000002
0x2022111013215200000000000000000000000000000000000000000000000294,1000000000000000,0x0000000000000000000000000000000000000000000000000000000000000002
0x2022111013215200000000000000000000000000000000000000000000000295,1000000000000000,0x0000000000000000000000000000000000000000000000000000000000000002
0x2022111013215200000000000000000000000000000000000000000000000296,1000000000000000,0x0000000000000000000000000000000000000000000000000000000000000002
0x2022111013215200000000000000000000000000000000000000000000000297,1000000000000000,0x0000000000000000000000000000000000000000000000000000000000000002
0x2022111013215200000000000000000000000000000000000000000000000298,1000000000000000,0x0000000000000000000000000000000000000000000000000000000000000002
0x2022111013215200000000000000000000000000000000000000000000000299,1000000000000000,0x0000000000000000000000000000000000000000000000000000000000000002
0x2022111013215200000000000000000000000000000000000000000000000300,1000000000000000,0x0000000000000000000000000000000000000000000000000000000000000002
0x2022111013215200000000000000000000000000000000000000000000000301,1000000000000000,0x0000000000000000000000000000000000000000000000000000000000000002
0x2022111013215200000000000000000000000000000000000000000000000302,1000000000000000,0x0000000000000000000000000000000000000000000000000000000000000002
0x2022111013215200000000000000000000000000000000000000000000000303,1000000000000000,0x0000000000000000000000000000000000000000000000000000000000000002
0x2022111013215200000000000000000000000000000000000000000000000304,1000000000000000,0x0000000000000000000000000000000000000000000000000000000000000002
0x2022111013215200000000000000000000000000000000000000000000000305,1000000000000000,0x0000000000000000000000000000000000000000000000000000000000000002
0x2022111013215200000000000000000000000000000000000000000000000306,1000000000000000,0x0000000000000000000000000000000000000000000000000000000000000002
0x2022111013215200000000000000000000000000000000000000000000000307,1000000000000000,0x0000000000000000000000000000000000000000000000000000000000000002
0x2022111013215200000000000000000000000000000000000000000000000308,1000000000000000,0x0000000000000000000000000000000000000000000000000000000000000002
0x2022111013215200000000000000000000000000000000000000000000000309,1000000000000000,0x0000000000000000000000000000000000000000000000000000000000000002
0x2022111013215200000000000000000000000000000000000000000000000310,1000000000000000,0x0000000000000000000000000000000000000000000000000000000000000002
0x2022111013215200000000000000000000000000000000000000000000000311,1000000000000000,0x0000000000000000000000000000000000000000000000000000000000000002
0x2022111013215200000000000000000000000000000000000000000000000312,1000000000000000,0x0000000000000000000000000000000000000000000000000000000000000002
0x2022111013215200000000000000000000000000000000000000000000000313,1000000000000000,0x0000000000000000000000000000000000000000000000000000000000000002
0x2022111013215200000000000000000000000000000000000000000000000314,1000000000000000,0x0000000000000000000000000000000000000000000000000000000000000002
0x2022111013215200000000000000000000000000000000000000000000000315,1000000000000000,0x0000000000000000000000000000000000000000000000000000000000000002
0x2022111013215200000000000000000000000000000000000000000000000316,1000000000000000,0x0000000000000000000000000000000000000000000000000000000000000002
0x2022111013215200000000000000000000000000000000000000000000000317,1000000000000000,0x0000000000000000000000000000000000000000000000000000000000000002
0x2022111013215200000000000000000000000000000000000000000000000318,1000000000000000,0x0000000000000000000000000000000000000000000000000000000000000002
0x2022111013215200000000000000000000000000000000000000000000000319,1000000000000000,0x0000000000000000000000000000000000000000000000000000000000000002
0x2022111013215200000000000000000000000000000000000000000000000320,1000000000000000,0x0000000000000000000000000000000000000000000000000000000000000002
0x2022111013215200000000000000000000000000000000000000000000000321,1000000000000000,0x0000000000000000000000000000000000000000000000000000000000000002
0x2022111013215200000000000000000000000000000000000000000000000322,1000000000000000,0x0000000000000000000000000000000000000000000000000000000000000002
0x2022111013215200000000000000000000000000000000000000000000000323,1000000000000000,0x0000000000000000000000000000000000000000000000000000000000000002
0x2022111013215200000000000000000000000000000000000000000000000324,1000000000000000,0x0000000000000000000000000000000000000000000000000000000000000002
0x2022111013215200000000000000000000000000000000000000000000000325,1000000000000000,0x0000000000000000000000000000000000000000000000000000000000000002
0x2022111013215200000000000000000000000000000000000000000000000326,1000000000000000,0x0000000000000000000000000000000000000000000000000000000000000002
0x2022111013215200000000000000000000000000000000000000000000000327,1000000000000000,0x0000000000000000000000000000000000000000000000000000000000000002
0x2022111013215200000000000000000000000000000000000000000000000328,1000000000000000,0x0000000000000000000000000000000000000000000000000000000000000002
0x2022111013215200000000000000000000000000000000000000000000000329,1000000000000000,0x0000000000000000000000000000000000000000000000000000000000000002
0x2022111013215200000000000000000000000000000000000000000000000330,1000000000000000,0x0000000000000000000000000000000000000000000000000000000000000002
0x2022111013215200000000000000000000000000000000000000000000000331,1000000000000000,0x0000000000000000000000000000000000000000000000000000000000000002
0x2022111013215200000000000000000000000000000000000000000000000332,1000000000000000,0x0000000000000000000000000000000000000000000000000000000000000002
0x2022111013215200000000000000000000000000000000000000000000000333,1000000000000000,0x0000000000000000000000000000000000000000000000000000000000000002
0x2022111013215200000000000000000000000000000000000000000000000334,1000000000000000,0x0000000000000000000000000000000000000000000000000000000000000002
0x2022111013215200000000000000000000000000000000000000000000000335,1000000000000000,0x0000000000000000000000000000000000000000000000000000000000000002
0x2022111013215200000000000000000000000000000000000000000000000336,1000000000000000,0x0000000000000000000000000000000000000000000000000000000000000002
0x2022111013215200000000000000000000000000000000000000000000000337,1000000000000000,0x0000000000000000000000000000000000000000000000000000000000000002
0x2022111013215200000000000000000000000000000000000000000000000338,1000000000000000,0x0000000000000000000000000000000000000000000000000000000000000002
0x2022111013215200000000000000000000000000000000000000000000000339,1000000000000000,0x0000000000000000000000000000000000000000000000000000000000000002
0x2022111013215200000000000000000000000000000000000000000000000340,1000000000000000,0x0000000000000000000000000000000000000000000000000000000000000002
0x2022111013215200000000000000000000000000000000000000000000000341,1000000000000000,0x0000000000000000000000000000000000000000000000000000000000000002
0x2022111013215200000000000000000000000000000000000000000000000342,1000000000000000,0x0000000000000000000000000000000000000000000000000000000000000002
0x2022111013215200000000000000000000000000000000000000000000000343,1000000000000000,0x0000000000000000000000000000000000000000000000000000000000000002
0x2022111013215200000000000000000000000000000000000000000000000344,1000000000000000,0x0000000000000000000000000000000000000000000000000000000000000002
0x2022111013215200000000000000000000000000000000000000000000000345,1000000000000000,0x0000000000000000000000000000000000000000000000000000000000000002
0x2022111013215200000000000000000000000000000000000000000000000346,1000000000000000,0x0000000000000000000000000000000000000000000000000000000000000002
0x2022111013215200000000000000000000000000000000000000000000000347,1000000000000000,0x0000000000000000000000000000000000000000000000000000000000000002
0x2022111013215200000000000000000000000000000000000000000000000348,1000000000000000,0x0000000000000000000000000000000000000000000000000000000000000002
0x2022111013215200000000000000000000000000000000000000000000000349,1000000000000000,0x0000000000000000000000000000000000000000000000000000000000000002
0x2022111013215200000000000000000000000000000000000000000000000350,1000000000000000,0x0000000000000000000000000000000000000000000000000000000000000002
0x2022111013215200000000000000000000000000000000000000000000000351,1000000000000000,0x0000000000000000000000000000000000000000000000000000000000000002
0x2022111013215200000000000000000000000000000000000000000000000352,1000000000000000,0x0000000000000000000000000000000000000000000000000000000000000002
0x2022111013215200000000000000000000000000000000000000000000000353,1000000000000000,0x0000000000000000000000000000000000000000000000000000000000000002
0x2022111013215200000000000000000000000000000000000000000000000354,1000000000000000,0x0000000000000000000000000000000000000000000000000000000000000002
0x2022111013215200000000000000000000000000000000000000000000000355,1000000000000000,0x0000000000000000000000000000000000000000000000000000000000000002
0x2022111013215200000000000000000000000000000000000000000000000356,1000000000000000,0x0000000000000000000000000000000000000000000000000000000000000002
