hash,status
0x6f0d042d387f0cd3c31c58e155a5ec1d893174bcd45e00eeee55808cf8dc4701,0
0x371bea4cea7cd360174a2f9ed312efd97e915b2d9af2adf92881d85fc087072b,0
0xc98a7f9386780b5eef77dc7df6367700cd8739674ff613dd639120b0080f67f4,1
0x4b22851681104ec46b94dc91f5be15880d670f2a279679a05b2ad0d71046c6cf,1
0xecd4d43506a31f07389fdf9513abd502f9e5d266b7598413f931e6907f1225e4,1
0x4c124ea21919fd9c85a310f36111348a43a935f9dd322a89390fe6804b6235c9,1
0x2718966fb84cf43b68cdfcf050e4bfc82b85b24797db6222f32f629663bbe016,1
0x82b0ec2ed08a484732025dd9be819b5b274e0f1f733dffd8ebc4a06e689ff528,1
0xfdaa14929b06f493dcf681036ab8f9a1c5a9e96958ce0a9719824ecbd19e11e5,1
0x82abcdd0a6de4f7cdd53907619dea850fe990975d348d1d29e849bc1dcf9f356,1
0x426cde76085ba8be729620ddfab4754f1f18dc2ba99519d56b9ba533a3010bb6,1
0x31657770ec599bb33827838f2ab9379454a54414d471f39a022704b35ec98a69,1
0x7999632c632976d42c650c6c82cc6e654dcdba9613672e2992de197f4b20b568,1
0x5c902cf97142d343e3661e665e29d48c2440b3be1755c42b718a69255b1f06ec,1
0x477e41c37fd0ead42d651e276c0676441e5e4e0e350faeb0e0d3c7cd327ccc5f,1
0xdcfa94f2e117b38c9b8769af1f0ff53dbe141b2d7519fd1c3161054d0a89e135,1
0x65a9a20f161cc23ee4eb96a03bac80b506567cba152357bb13ec527970b01790,1
0xfd3f5f3709f80d3609d1a3a4556feedc27fd0583fd5cfe7b6b9af8b7f83aa4e4,1
0x0d46835384bc7e1fb13bb6941d5e37ddd93d0f0138959f671ac1d4987bb3ed1b,1
0xa713b473eded24f624d42f1a4f24076f79933378c4fc6390fff521da7dfb8f3a,1
0x038c8448e1cf5ed73c0cc72e71013b0a0821380b7225f1188291c33945b141c4,1
0x5dcea8d0f48c3e91905437d6189ec64a93d9916e7813b8d1868378beb842d7d3,1
0x93e27577ef57e90f2a07f7c5f30108da00efaff052f0fcdd615abc689b9b6036,1
0x58a988e9c6aed106061d2d77d9ecbcfd8de4640bbad242b564a964d791658717,1
0x9a0bdbcdf1fc3a4dd0c6320279180305fba8135fc76cfe2e27ca218de0326bde,1
0xb80ca8bc7121aaaa408bb461ebb08129a01e7e703c226d3f868bcc5dda94399b,1
0x8434056db28fc65a63ab3e3abe6e18229ebcf7000770cd412f70e43eb2ac8d42,1
0x1f1a8ba09dbbc8443b5695068d63098d15d777621b70b23e5bd665a4a2c51148,1
0x34adc8603584414d48059fb9fed8f459ef57e5cfe8e49cbed378ab67e9427931,1
0xe7820608eaed3c2840239cb24c4d570ca8655098e38e6f26af276b80ba19a615,1
0x3ca4459307ff835b721c8380a354374b0fe97b95d5f2f8a12d1a109a35002c40,1
0xb48f38514ad557b5b31fe46896a66a75e11acacd74559795ae05fb1dfdd15a6a,1
0xbb545eeecc54031c931f7f01cad420c631b20ccb2b8467c315a0439aa1316a8b,1
0x8380c765238b14bf1fb6667081e7c25ea4a005f701dd3e3b6795afd7a67ab517,1
0x45f9bd0af4527a64ea718264027fb6a8a3bc3f5824a48370f61275f9db1a42fc,1
0x1e13033c68153912a066855eee56c6bdc94ffe2b3e5e9db1cf0c9aa8f499b6a5,1
0x37000520c05ba236621428bbfe26fe051ea2fc6d71533136d4d16f75a9a70245,1
0x646392db0c0d0856e8955565ff0701e61257e4e97538f673eaaaa8b96d02ab9c,1
0x7a15f79ac66c9742fefc226e021beb65b3da6baad80539599bbeed9a6a36de50,1
0x8532374973418383c6e8a1641030e71081e4bbecacd8be21ba8eec0aa553e43d,1
0x49aa310fb93c65d478db598049ff8b344b11523297752d987204f81c8608ee95,1
0x5414c40b1a0a8be0785b480a49644215b9ef2d951ae6a1ac55ddb41b92977c4e,1
0x5d1cee41e2a078d9aace6e5a731adf9d998c1c4d0d4dbc3d353cdbb3291a68a1,1
0x7a0c8e3404cb5ed9a0bcc9fa3d00e0daacd9023e297faa4008e55461c7b96513,1
0xafbaf13f3c7d0e572906b227fe936568672bcd7b341190ae19d0126b40952f7b,1
0xa2839b46e62f632374439e04cfcdbb8c5396576621621f4c5f88f3f9bf82107b,1
0x42e3362065b157e8fac2bbd61a8ab1865030e40f787a5eac1ae91d5f08ca73f7,1
0x576fe5e00b8991fcfc74423be28df0c4b54f828e0b583933424211ae75487050,1
0x975080d457f67b2d6ecc1371a0c6d6c2c2876e4272e24b13477953cd8e05125a,1
0xd72cc98dc1705b6c767681ec57ffaed9a5833149deeac217e43d2362c2800142,1
0xd4c3eb074bcdce44618415700f44f8717e3709a0c359e74a9b7cfdea1ab3be6b,1
0xb7aa9e5a1bef3c6dc64102850f52fca8c543a7e7bb682beb1f4c58b0f45771f1,1
0x278f705f270ee392265bc7f68ae24d55bc290e4559f627096e3e0523996d3df1,1
0xad3d14d8d02d078a14abe803f4f8b9b7342cab271a8f3d23c5d1712b5582a58c,1
0x4e01024bda4ab8e9b4d0ab1e0763f67dd41a1df9d531cf177523f6a6b7303d54,1
0x45375ac5874d9e88102688547cb62cbb575b0d76ea7ac1075c03b463c3a4c5c6,1
0xf0f5cd07e6b8e956c3c6d97d7558b93fcc2de31a3ba74a7ccc9f6dc2bd641ec3,1
0x420427852c5abe2e7e0cdb9446c67b997263cee244659e2256019b33a1de326c,1
0xd02a9b4f0ff92740b2ee560fc723347d45f1dc4637f1409a58cc1ad56d6156fb,1
0x25dbb15464b9b3b51d809c21844df930a13145efc4f2d0db9274bb1bd149e15a,1
0xa3889be3b6520d648e297ee297ea73b4ec6ba7fe62357c9d97520dff5a571f94,1
0x50041ffbfe709dc67a3e0d9424eadbce677200f66f4117105bc8eeb05794cd9e,1
0xcc2261a9dc188f3ae16557ab07e4e91db5b009d625d1609d1eaa7948a205ebf0,1
0x3b6869465d6ee385b95e79abb211b1f5d85679b042bcd6a8a48293989151705c,1
0xc316c8118bdb85a168f537f612cd0cb89a5d56f42ce255733163721981739f47,1
0xef9317a601be01a92e0dae647c2d1b0c9c6f57a267ca7b0e7abf835c14f4c1c6,1
0x5908c35360fc3a84c346b223f9937468817e7b6fdb1450011dedac78c946c849,1
0xe0d34a8e0698cdc66d9efdaec3b8f24aae5a3bf013762d0259207a9230630c0d,1
0xbcb1856e8031fb23a5cfec4155956f293d87e54393a9caba1ec8c8a802045243,1
0xa4413a1d2f4661fca1a268e26b3098e75b9f70b40464f411db97140f2553644c,1
0x7f9663d4497c1f7e1a4ab9e6750d190b09d21925f5ba4a791df95d85eed0aa0b,1
0x80ff86337ad236abbe476b414afe7a1cec2269d2b179e1189912c1c72777ef9c,1
0x75dfbf41c99f1b299afb9e74e8973014bce20dc23e82143c0a051be5c5011da1,1
0xa3b4990ae6b96e968970c2f844956c15d5494e6f4c497c01fc23d3f647ba0694,1
0x562521ea4cc2b6eb1892815dd6e4675b434e9078c20862898b4bcb6a0ef5eada,1
0xff94ef060cec283f785531d86a08ea130f71b8ca5ab89e4c43f863e0117e7eea,1
0xcb7eeb6399a0fa26fb7ee2c7b0d236e133bc846d0bc67a2882e5f0b6713148b6,1
0xfaf3947574a973827f4773556d1d8f6131735068bfb69b31b59d876700f9236c,1
0xf660d958ab8d0e0c81af7d7227ba64ea6ddf9d38b6ea4c6878665e7d4d65c839,1
0x04f43a0e86024294a3491a38d2844ea1fa07d2d1a4234c92b129ec205672193f,1
0x08f9d4cc344badaf64f2f323d9620c7bcd263b640c1af97e1ba72fa080166b2f,1
0x65473a00f5ef90ff1d187b966e4c5c5bf27d1357cb0ffc26d095cddfabec3904,1
0x98582cc85436a33e5d2ffe83d441b7a29d1660227af1b4b85b293c821bb92563,1
0xd082918d7b8ab53fed1c99b9cbe9179ad41220e8854b9f8ab059a047c3923e41,1
0x8234fa56315dc55cfebcaca5c7e017ecf9eb89b70dccd73735b5ca4791b282b8,1
0x54114d1c4141b95d418ac0e9fee0e13766592bd745d76925fa3b42ce75de791b,1
0xff77519cde29fef4f7b59960caf63bf32ca04580e8f68d2ba6fa8735c2b21423,1
0x8233716862059c5d6b47af41d6824e97f8cedfce5c27ddb74f163c6d6865776d,1
0x604cf87425ee615a9bade837ed083962c4a31fca6c267708a98c4c490a1ae3ce,1
0xf428b580730f38da2308bbe595000ae7ca486a62253ad501f7e7cf4cba9c2fb5,1
0xa39418652ef26bdc6ef36b1e578ac7e7a253c5848d10be66a40733be5478a692,1
0x46e66f9450aec50d2fae164c3616fc5b6d6ee5c1c672dea3b7a4b1fd7fe0ccb5,1
0x8d9c99c2f1f7ed1b0231a582739bdae30af0d770cc77f5f6ff9baebfda9e8d15,1
0xe740d90e53988fc2593ebd404b76c803b205b61ff74a909b2b796e092772ccff,1
0x8520b42f8fcb0a9ff22b49dc3701b122cef1f63d7ed627f6d67d57d186a0a2b0,1
0x1b2c3281f9061af76afbe0702b31600e8b2978c1fc4b4b838d5fa06c62301c70,1
0xd865cc893a1e974155f7c2562a0db5fc2c78e3266143e3a7d05f3f10c7a2a91d,1
0x3709d5830b28756b76da95238198e9160374855305fbaff87002d54819ab05a1,1
0x22968a6ad2e0c99d3859c9f8f270b1e64fa684a34ef7aed6961d5418a424d3cf,1
0x8d56a335842bfa97d9c7323109e9d2b71e8e0780a83dc7b6ec5245a9d60d7802,1
0xf38e40de0a6f0160ac3ad957b616b1e2447ae748512853aca12f30b225ba9cdb,1
0xdc282077b2f0f9712ca98d664246504a1fa00298a3c007322e87f2ab968f3c32,1
0x3d006c47ad408ead77da5381004e0e59d054b067f96e403f4c8a8a964cbcb07e,1
0x38df23f9e967de89feb3b0c7fce4d8d40c40bbc3a0a1dd4f416af366a78f8fad,1
0xc747ef0002c8070ad92c3f57fedb13baf5c1424c07cb1e627947269163354d33,1
0x048f3a83f807b95f06d9b997e051cecf2bf16fb91ac5684c56a6e8de9c460154,1
0x2c9e481cef50de40a5f8914d59b251569d74d3db5f1ae724b8cb1518147d524b,1
0x618d4a2d4f79082c9b474ea858865f76dd2dcdc5a0fc2fd4afaca7c50001266b,1
0x8f6375f5a48a14d1b6ede3d9bf9493ba105803f54f7148e112fbe131a38c86d0,1
0xe37a8efab5e068460147c791505a5830aea3e8fe60980e339a5812202bf71ac4,1
0x864842e589ab2942d25a6cd574e6673bcfe5635253132390956692fe23de2992,1
0x830fff1a5a048601a95dcd40c7ded4ce457eeb813f4cf238e0a03da997908ad9,1
0x200ab1736abfde227b4b4c102bf9d36809f9dc3a0851001c2bd5b412e50e9efd,1
0x0fc5fe48d5eb41f4bc68152051f0516b05ffed6433bda95051df1887004b4d2f,1
0x977d5e569be7324fc0a9915ab80b5ed849bb14e07feed261de031902eaad3a06,1
0x074f7d2771a777de8dd2894a084ca1922dc846647531ba524c17d76423d276e0,1
0x519f92412f4d5496932e53d394c53d466abe95100d4c18099fd7df9297c0b36d,1
0x9f51a905b3cc99ba1383c063fdfadf9c633df4650f329f392c9371cdc9287089,1
0xb31c4cef875aca6bf67ff88fabe9bca5c1fb01c02addcb53c3f0fb1728fcf6a5,1
0x4ae439b6f4dec1bdb4dc273ab01bb817694a9aa5672cf7cc99f1d154ed17d857,1
0x7c252249ae4ab02501df12a6ea777cf05f4e17b8500d005d34d184104252cfe2,1
0xfce1843d184846716270bc0884156f6399866ed7c1498f45521e3cdcd8918059,1
0x0fd3471436e8325795d3f153ff3d29d7c83ffdb22b2687a2deeaab4ef75ee64a,1
0xc34f06cedceaa3a3ebba02607a8c2f8dee873961e85b0763f26f4e04b88713f1,1
0xae0667e0d40fd5fb4015bbb1d77c0e9a000124fc595efb9914c43ad21e13ab3e,1
0x7e371da2ada0eae9dec67ff8fd00df014097d3c1147c69a5250d6b9d06962710,1
0x2644734ef0f18e948fe36502384a4a1cbd7ea736579ec3b7be8631fac8773d11,1
0xacf2e519825f8a77ceaa046afa4abdd29c647d20f66e9d22eb6eec19027e016e,1
0xc1581c7c477ab3e97608aa3c56012cd44e1fb7e7426fd3704744e76c46d5f18e,1
0x5fe7b9acd055e5f6dcca6523e8a72a1fdfa4c4f8efafc2177e459cf294e5b1a8,1
0x5686e02f8e22bd4b4060ff78dbe78409c22ebee77582cda2e83186625a2d6c6a,1
0x4e36ea65a488feb3eb18566235ec36529a6753e5cd9468de7d30dd085dd5106d,1
0xa9027b1a73692d3c8c549c17b0dcfe5e02faf1e021771bb8cf54debf6c763293,1
0x07f25aaf297504a9ff88e7ab850fbe0f0b138feb8b7101c6bde50605a28083e0,1
0x27e84428a78cfc382b1ad9af95e69744988a283af7028ec752c2dc6a9acadfaa,1
0x2df7ccf3ec089e544f59481ac8f2e39aaa9a377ff4c887f9daf63c9205087d33,1
0xa82acce8543082332855f3284839eb15909876d3f9bd4aed446bfbf90b2b832d,1
0x2868d41433e4c9ff9369f9d6d5b44971321b8b32dd9e2ed3c75d9633e33f938b,1
0xf6fb5b4bcc863b10a6d33f81609c1a608e30f62adfc1a98a07b21bb79bda2070,1
0xb7e7f3b7ec0e6565ed802ec34c7585439f161d66a042fd6ca999736957dc3378,1
0xde2797501605e4c98b31c38a802d42b56f4e337f4d16c0376c1b4e9b646194dc,1
0x983acaae7d33408e7a171cefc9642e4f882f42fa84e40262d82b54a87ac81bc0,1
0x0e4023e1e072801bbbf4713c9fd40bc42509bd16315c989febdc7065f9deb9b7,1
0x6c2e97499b20821e5da730ddb16a19d35fa4a3fe8d4c560cda110b092634b607,1
0xb539f1e240173d0a8de4ca91be3f6d343655384dadb2099fafa12fa4aa254444,1
0xeff3c7ccc671ebbcc3ee4a4daf821cc5a8dcc5f70e396bca19c72cebbb32f3d3,1
0x2804437b1de1433d3361d4275009c4031b62459a847eb275d23ff74d649d2b59,1
0x2a97d146d3eb57409cacb10c4ffad03f7488743df65a74c06e21da6e5e33f081,1
0xd20b5e7b6c7e9bfdf792cac67d17f57b2f0824f5bce850333fc8e9c97d74c0ed,1
0x1b6d833142123b0d65193e27d8957f3acf8c7b0edc8156406a062116648a29db,1
0x0b6e776c28f3fa1a8bb4287f30c63d4f8b8ccd51766e9501a1ab50ee20fe3aa3,1
0x2c93704e51959dbbbab025388e5f62bcd2276756b8847df591112c66dd8039a4,1
0x273e1a5a0c5d7b6bce96c6803887c5e94cdab69a6115c1dc5b36846ade7f625e,1
0x235b8ddc583c5a6b07ba754dc9d5d691d0d17129de847187fe172cc3966d1ceb,1
0x040bdf871493fc9b46a489b95c1d09a999e8be0530b516243ee6f57a732da849,1
0x42d308762b631ff2c0a0e612cb2be5d9d98acf2f67cfd6c5e4fa4bd655c70d65,1
0x343f22f1b1f09ac8a100d5ef3388baf3bc0d227ecbc633d99e0e086c13d266ee,1
0x2b80cc44348faf8c5352f66a9463ab5c6eb02bb1aa7b06bdb0d922dfdd6cd1f4,1
0x8cdf0ccc55853c115564dc81fcde17e6183cb10a33c8423e4bad75c8aef8e904,1
0xfa3ce9c9662a5baa1434e5d7919acb124fe5927ced8ed9731d0a723fef0a53bf,1
0xd7baf7542d750e731ec186a695dd38c5added0c49bff41aaa0a9a405bface781,1
0xe2ac9cc86095b60f6afa4b668dfc6a52b2d7cf9715cbff89886b9cf69bab6843,1
0x4ad7b4f000f31722fd08d27be426a0bb6c8f4af7700bba3980fcf5f1580f7740,1
0xd55cf30f636e2cba416645a646ada5975d9d50a804d99894c968c71adff0d7bb,1
0x3c2dd4071a76971db50d2a6941e447860a6cf5dd44f77f8108ac4e11bf6476af,1
0x6634503a40782c1bc2bee46a935576f756c413cb2b00fe49974743d4ff31e7be,1
0xe6abf6f7b728dfd0a3cb3517c7043c6b40bef0c816c0fd1944aaeefbe1df117a,1
0x79af2235a0e41685001eadeace15ae6e6496615a4eee8ced12fb338d8767f77b,1
0x6343a7063e6b81effe26715749909c4f9211720d0e5251dcb5f4ace095148bb6,1
0x457648a16c471468ae6354d68ef6cb47356f84008214b90beead3748af7dce32,1
0x1c2456ed040f29a916710a35d8c4d07259dfe0514f0db0cb8477361f84fb43eb,1
0xfa26bf31b6c5b98d675a07071b2ae48c8dc1efa418fb93936009ae971584a027,1
0x578cec6d67fc9b97559046d8c7f2148a6cd61f9101e8973db36f141ec0dc6b42,1
0xf09a931ad3cf8c65bbe75a8df76551a860b3f98235127fc7dec9b7aec9ff07a5,1
0xe9f941abb9941d5b0b5c8ed671f1dd39384781208f86db0f485869f02ca56a3b,1
0xba0398bbcf5e86a604854c44858e7b14172ce30a826fad728562e1049c95b5c1,1
0x5e337314e45b8420d618601573b17f6e0dfe2e0c864cba2107dbf248ae9f895a,1
0x6efc5354f6a578c0db037b063b2b08bf67197b213d88d2bcbac1647f07643367,1
0x219657e4053b1f7a1d067a06706ecb6b8b8d865509df5f7903edc6379b274383,1
0xa98326a3d6c6de90713d90cd0e4f8707918bae57c6a9cede750fbcdf715e8d04,1
0xea1c1fe0616c424988138842321e86082606e69aebeb08a710d2073958fb8ab8,1
0x106b0b86548456087ee38c49d8552198fe4b13ffe64d9777c50f74dd935ae6a6,1
0xb3d957b2e016bcbcdcd0245e720e3e1db4abe1f8d6feb253216792b3e12544de,1
0x199ea7807f376ce006f0861575be41c07f8090a30ee4f32cb43d52d234a5bc2c,1
0xfe0f3ecdca8976cb0a04825915294fc899f34401a523fbfd88655c5c74c3bb8c,1
0x73e71d114390fb98e148646f9df711dfa9e2f354402e2e3ce907d2e8435fa7be,1
0x699343bdc08b1fa86dbbbb193f36fd369ff11c7023d9dd563a382cd3fba953dd,1
0x5fde2e47ec7e8c869be6109affe766eda5611c5b2ee8587447cb28504041ced2,1
0x9b94e840225da48aee12408e19b133db202ab9086893645aa7096df4be178da8,1
0x1571dbc80d1e055456ff1855984b1d87a314a7c3c46df72481728c7c76c4c142,1
0xc0cda7d9761f8076a903aa10d350330e3a66814b5a3663920598f5ae497c7039,1
0x61df6de514beb9673f468e882fc4725eff6baa21e4d15a74ae309712976c6acf,1
0x9d5463fd9497bb9264d4f402260ee6751eb5e82a92b4bed089f14615fb64ae62,1
0xecbea712f5503f1b24cc2b6a37709eeb00c0beacec5f43b8df4f62260f3373fd,1
0x6324cb490685e8f627689249d2d32f90aff81dddc763381904e94f4fb345be63,1
0x9affe030afb931e51b2eaae43915597cdea1aff02a87eff735e5f02ccb9b9c85,1
0x5fbea948b8fab0a50f534227d428b4eee3b0af9590696e918f4eef655467f15e,1
0xc78d0950a23855eb2c1f2281c26018e1d64b9f3d4847a51905a97ef46dc727ee,1
0xf7be0bafc0a01639ff9842e437aea43cc7b953ac35ba4694ace02b17f7215ab0,1
0xf17e85b63e9c0329a4e733e6d2198c6ee6bf4d79be45e6be0023ebf4026fa137,1
0x1fc172d62d067c49e6a46b2fe7770c5187d15e59255723a4c2e254722424d7d6,1
0xa95839d87751f01f038937a7d7896543c9a27862d278747a440dc25ecded4b83,1
0xb7eff4a97747c635eb073d36f13c60f43a187fa55217c088cc9af992bd4c30df,1
0xcd53ce42d3d6e1df3f0c3c0405b027bbb49143dec4a8ad68c83d0f6eaf64e48d,1
0x6a24609432e9b98f0c02e9e8542d8b6e7382b10874e4a2d523f53ca04ae49752,1
0xaf97d5c1c83a7144aa784ef4cf433a2f0f9e1185cebfe852a541750c913dca53,1
0x5184cd8b3bf36fd300336352a3a9c534f1567f80575f96e0636f0c9232765216,1
0xb431bbc61503d0c99ef391848d11c0eae97519e6528d0809389393cc81d47f29,1
0x7456f7a62a5be1077fc9fec9bec47a0c537972c4aa4b1051f08aad430b84e32c,1
0xa20c1ee908c2b4d4517d31a4785a73a90c6da573e47d95c01a96713d4ade9abd,1
0x93138c8421f4d12cf0175bda7a3618f9f9b2510b4d71a0c127e3b47fca465efb,1
0x3bbeec2ef6f289e0909c9d8d8ea22dbd6a859754b5550cd38e0c165e49da6f20,1
0x2ffecfc373c44abc49008da1f6ebc765ffc9bb321c926dbe76c9a0961c5b53da,1
0xad47e580f826934b38818badc768cfb9cb0906fb4a0cd5a66bc185cc8d9afa49,1
0xe141efb1e3f60af7ff802420466763f6934fb005a20d455bf21353bc38a49426,1
0x2ac022667a640629f8e18927b0b9d8810141fc06dbcd1ec92ac9b613d5e84979,1
0x01ff3f1838a2140cf1cc0818e91ead8310750aefa0b93b1f46b9f4c5d8223ae6,1
0xf0000f54382c06a714f3dc94bbe53f38da2805c041891c6e03d78ced9563c644,1
0xb87e759b5d1f55615e62b88591f587804349060d1f6f2f1594fc5d338e0e8359,1
0x1de5fc61758c12b5dd9da1f1299c681c483016a8bd9e7e0d34f1a7ff1cca9d83,1
0xc534ca9cd842e1124d41ae6709773dd13b8d6818344c9e20bcc664c3c3ca5d26,1
0x883aad9b9be1b18b33b92ac8d6761b3aa37bf0ffc36de82777a452fd335533bc,1
0xbc1e52d3e91ca5e1c42558f274bec72a33935fe0f72b95eda3b96eb0768a8f68,1
0xc76c21d70983bcf7f753d6f302a09b0cc0112afd800925821e0d5abec125e235,1
0x6036bed7b2c79d2c095be790cc5302aa8f21ef2191a69f52061505c604ed8a65,1
0x183a787393bc0b38f72de926efce39c22c7ccb79e1e9736a8f2093f38d53a86a,1
0x8d1c5c0bdf29aebe9734c31c957ab887cac2327774b5e67b2aed664ff263ec01,1
0x1bc72194ddda52e8a00d157327dab546383f20040a6b4491fc366374b410e2b8,1
0x677f86a082b2e38e07527f1e6af59f72bb1ebd927ce183e085ad77328455b893,1
0xb0fc78cbd23415a73cbe5f622f9eb2c5cf0734ec9237786975fe94a80a4bdaea,1
0x88b68041e1f83b3586a08c58abe9c3ceb6c7893232af221fbf5b846262bc0a7f,1
0xcbbaa80e18f5ebc22727d7c770f39c92f3455b74b4689c2adac73b98bdadccf3,1
0x3f53b56de1ae3c8be8dc75e3eee5f3cf0483816fce3b8f6c6dd640ba374142ea,1
0xb0b58b3193ccaca52aa3c16963decae709ce2992063ad5efd4664cf272cbea37,1
0x9653ca59cb8f7d816d9434e026c1e29035f74a8e39b224723d682131c05bbbae,1
0xa9de8606666c805231720e2c71d0f45849ed2b31c85ac4f40d490224b7e28418,1
0xf9e8c17508fad102acac00e684a5a4c2d4245c6ec4665ed6ae5ff5d024bc8fff,1
0x955c23ff2eabdeff7c5c9dbc68d7fdf2ec66edf617a7d4706e45b5f217f8a08b,1
0xb1970e94fa6c30d410b122c5c13b0dba4d44f3225efa3d568b034e01a9036395,1
0xce7970da0c96088fa00e6b3756bd51327059f856eb24393ae21436ceea6a1b0e,1
0x3e97a32c35510da1bc9c2a6026ec4af1194d1b0dee0ea06f875dd80a2cb88807,1
0x6d44a026bb6d1478ee739a5e6768e05a461ced8a61dda40a1207b18cfb897e66,1
0x38747e38ad9a1f01abb4a1a2640dd399e5b4dbacfa0c3f557109d80888ead05e,1
0xe68a11961ae660dcd01cb9c78363537844eb7b79d19c426d1e59f4de08b8ff71,1
0xc24905a47340a3e8c5f73e68d710ae56cd07586d9e44c1d349bb5b0045066286,1
0x7e1f62828ec96ee945a21851a75f7528867da7d447319ee95c8ab8fc1c7167e0,1
0x317341da029af7477d8a557068179ad24351b9dd89d735914db2cb3fb8dfe586,1
0x6fa045f181662b94f2e8a7cf5df66f9c7832a8b0daa4d9027ee6353c10d313bf,1
0x09be2482c2dde6fa59fbcbc00a47fc80353ad5b28cc2642edc19a97410e7a512,1
0x57e5c072e812ff677358a6e2bc4f848e653dd7e86bc767530f1f8997f000edae,1
0xf8fa5c5757611808633b8dfb9357d0e1720bc11199914ad8f9218a0209e1dc18,1
0xea0ab67f38ef88a8a2f25faa8ee2c89e14826aeda2afc4b78d02b27317ef274b,1
0xf017bce4967f2c13df99dfca95f062319d203921163e0f0f8044861ede3794ff,1
0x195b82a44a006c38ff6c6d09e3b3cb614419a1b5c6ae7bb56b2432878b918599,1
0xd7ce68dcfd05c7c8cdc56dc1f99c7748e1af9e604e3398f2d17fc316ff8c38bd,1
0xf3898cd50878668cc53f4968eb367fd4a818ad1cb9933d69fd762b33a004ad10,1
0xd35a856c7a05362962f3d64a624938bc8e5a8df755cac230d75ceacc8af6a892,1
0x9f42a0bd6de8d534ffccd9fd8f496eafff8bd4e876ad2b4212db4b37736d3066,1
0x535a8b1b6c4af96a32f61d6967fce4fc9098ce76f0955fc51cd89af8007074bd,1
0x899e5b0598be5145d0e3a7f6a02590049c710ad3c8d16feae3f12bbc7a3e0998,1
0x08970788fbd443e6046b3c689234aed1727a58b2e6e6cba8be7f8639c297d7ba,1
0x349e10097444eef29033512b887654a9c08915ba48f21f3e46ebbf2aedc91d53,1
0x83a28b8a82227b0f831841c28f74102c9b9d7dab4c2eba6414630b46ba3993ea,1
0xf9aceaf71d77583bed6c3d3b268a0fa415b0d3b36647960fd0edc258d0e4c325,1
0xa22c9ed087583e83df63115fb492be244e1ef9045c8f4cabc2aaa2055ab8d101,1
0xb1423d9152c2a5d0deafd3f3e8e7356b1e5d0e553cd5466a8e5212c4976e4255,1
0xb04456ae1b5955b2879b32e0de4d917686852863b2400b0d1063da44b9f9ac7c,1
0xe6ad55e6be9e356e6306e21831619aa2e2038af0ad714514bd9bb6f3207f6887,1
0x9c8828e4e257028973d1fbc53ac99b3bcc7eca15ddfab4cf898c727045346bbd,1
0x502587b75dba4ffe32c694f167059be85fafde69513d6710efc94f68304e025d,1
0xdeb87c63d0a95c9284940ac2d975627739192ea5f107fb41ee91de5cc157a4d8,1
0x03a59b2ed959dd42f3509bf7801479d6433c3f7c90789a4bc6acbf844f05b249,1
0x2151ace591aa8b6bfb7915ffe24653f351c1fddf32be7eb3eec50b9ffb782620,1
0x41ab0eeeaae80ed33b6c595c32a8ea7b33777ad098fe64cf65f926cf886b8301,1
0x2cefc58a145f14d4ee3cbc3c8bfccb505faa38e058f276c3e9cf09471cd02263,1
0xa38bf9e956be1666872bc92f0c02b3ee0450c439a051d800d011a46f8e1edabf,1
0xfc9fa17ed7908cd1c69266c9a0b5b10a80e0241499135de007f12d89a576f5b0,1
0x9cd5e5dd0a94736934f0d3676478e3d5d53fd3cce4b6a99320a78e64c15dde2e,1
0xdab28414a006ff19568765f3cf9ad1edb4ed6b8ae5ac34fde26d70e1b4ef1abe,1
0x23a93d121ea7eadb354018845c6721371bbfa5c02e64bfb98582f67212345ff5,1
0xa9cbb687b6a510b591b648992a4dce894cc6ad178ee21035d18e75a2c2ae6977,1
0x318727087025d8e1dda11842af045c0b48c76a501698e9dae5a3315cbc45a493,1
0x97c6b89c806b896ad263e31bb7f758d1c43a14d68c6f52e527fc9bec2608919d,1
0x7cfaf3a433c7f4f3380e7529a0bda9b0084ae41fe9e68b46bf0b3d57aa819d67,1
0x02346e4125677d65a7d30efe1b2e6300bdcc65db179ee06e278ab50a2d77da80,1
0xc872c1b1e1bf1807bf3da0aae9143eecbbe56eeafccec00cb22e2c39b245fa2c,1
0x135aa3fdfe300b1a6daf5519dd64a4de3c320724598fa233089fb99f63f019ea,1
0x92b53d5f20325368fe2ae7fe945b1d77bb051fefc06a25628116706686cf8688,1
0x8d011c2a23b0930eac356ffb9aaae74f78312b9b906cf4bd576569210c0e281d,1
0x1abc53fafca4c758c9a306be3e155783cb06090a68ce7528dc857b94bbcdb599,1
0x0518bae31a57e85cf789ffa65b7bf497bf70bb5ffa49007a00ff8e556e71b729,1
0x3c209639487644fbe06bf260955dc24d45c632000be17d48d52d71624c549168,1
0xc3b81f9890b9cb593fa855859abe20acb10ebdc1d83adc2bee4020b68a0f8523,1
0xaaf5658c1dbacdbbdf8403f07303dce808d7eacc1f71d26081d0b6c06a844b9b,1
0x0111f2127b5d776889c262393449a2e05c54bc3479ecb54ece7ebb0a5e516332,1
0xcdd7e44eaaac2a811c2c04eb5fa31fae10df4d01ff71526e0899aabf416cff14,1
0xdfe1b9cf86f4d3af9a372edf2c98dc3bfe824e84b6a94c3af272734ca5b0586f,1
0x494198180cd890bca676bbd4571d1a962c54e81adcfdd669be5d67c79406feed,1
0x89a65e8b8d28d62f27d3f7729b4d418aba7ed22ce0189d340544adec35d57c54,1
0xf127a4b839f7b708c9076ab31e7c8fc72ee316d47b942bfd06f4141fa4b51cc7,1
0x08a11fadfbd3184a1cd5ce4939ee9cce2bc8e7cbdaeb2a663e829e8633089ecd,1
0xdb89a4dec394a0983ffce0d356718aa2634818b8516ef0870e5c6ae4a55f8f4c,1
0xcf4235f4535e0aaf14a501dcab1983f631b376eae6a74698e8cd7a4acf9c97d2,1
0x9775dc954860c6dcb156b8fbacb8c59db4b56ae0cc258534f50a4824246ed6fd,1
0xf1744b5c5b3538d93c9214b1bfc5af266851e4e97255baa8f2eb092934b405ea,1
0x2ff517bbc955a44f2c77ddfe9aa47619b22992f40f79c33db337b0392babf7b7,1
0x9182fa54e7fb623b248fa0a4f07e45b6c7e5a509eae2e498aee0ec0ffb725a5c,1
0x28a952624f06f1b56f2f4eb4ad2fd75117c8950730e8ad6bc5fa0a10222910da,1
0x05d68635a5381cc9a3f44d44b33a1bd7bee1d08c2d47e2ae893bdf202ea2bde1,1
0x62b9fe167d19d9cf464efa23edb527722ae3120a7cc37769061f533a231b298b,1
0xdf834bc399c69caca906d51acc17de47228943c7bc80e454926ba9c12ed386fe,1
0x132007593bd7c3c4349583cc8cdc0c198797da0d5ac60e63f530456c7ff01da4,1
0x925db988ed1b2b53252449a88fca5050309a0de367dd150f790711b7e84e73c3,1
0x0afe5b36921337e05048ab521f1d2be38893d6a51aa3d5eca41d8ded6d44e3bb,1
0xada51ee12d317d6f4c0256c2251a12e5c48182b0460779c6608caade5003e003,1
0x72c781a056f7f8af80d9bc0053a38eea3e7b68b11ec5ea2c7ba464935bc6e4fd,1
0xe3f6e5421ffb544a6520b22ad5e42f254996ecc0c7710eff489f14f86cc93320,1
0x29741996974490cfb203e0bfb3dbf066e7a79de13acb288cb220c14ee4f71782,1
0xb65cbdb483c0cb420cd57f9c81d02c429753fa4d1ef812b77f458bbe89826dee,1
0x68d872a90ff12e9257e42110e8c4085a2872616e8ac8de7c78840dfa78fce8a6,1
0x93aeeb8f4de555fe01d7786cd49ef0460eb2f556c4631fede37115dd92ceeb31,1
0x51bfb0fd6aaedcd0a529e70d83c218fd4fa6c0cb722fffd8e3d91071ffdc20f1,1
0x69190f416be62374b202ebf1199f9b5dad1e6d57f9286631ed9053a9dbfefbc4,1
0x19187bfa54a276f39d01bd5cadf01709eebfc17ec2966f2020c65fce0c9102ee,1
0xce2dbd7e0fee378ce52d04f7bc27b20a9e0e84f3e96b67ac456adeba4fb1d921,1
0xc7b3d18a36c82a01f09911430789796a48770db4f814880a48067fdc84f8f521,1
0x4d175ac6496828d6d845e3ef0b25a60d0128888bc7d943452e8b44885495e5ab,1
0x9aa780eea803ada6f4aac63798e0f38bf5f153fbebe6ed6f4b52d967f1672602,1
0xef5d5ae1f98345748b771d00d30f0f018544dc10c84c038b50308f5279c0234a,1
0xcf9ae061b1f2352d6439a4478ba6f633d716feae02e99463cb30bc0824e634cb,1
0xcb9140b77b747c87650018690a98799479bd9f7478824e94f4e534cfd1ae23e1,1
0xc299288d3a1b007487823bd2973bd18409f8f1f07ae965f2efd65aaf55c43952,1
0x8a21d141207542a599293192d18370151b603078c0415434199e778643957b48,1
0x2a183effcd9a08ca6e2927996dabb67617a769c9a53a795c665f3191638ff057,1
0xdbb7a18880d5befed2eb1f0b035373663360f6dc97fe53f26eba6d0eff81a1dd,1
0xe57d44404466033fe5cc505c1b5c3882f68335187df0174e9e457f49a266008c,1
0x17eb82056db09f55e532fc2593e911186cd0c5c1f39a9e715775528507fedce5,1
0x73b664c9e743b9d7e4b0aad033247b6728ee43d8b97402727c14e53e8fa82688,1
0x927a797d373a5368c4e1c77344976d200d86f2f1d4424d2d4da58ea7632943dc,1
0x103b9a48e0ce23377b6ba479108b831bc1b0df0a4015a9aeef4d45c6122e743c,1
0xce0703bfcd300ab3e2b47580f6a4e52ef49f883f60326efdbe7fff7118a1f128,1
0x853b600cc3804d8e14532f80b8139e73c9f870a12ff064839266436b4866591c,1
0xc0122db3aa351267631b223e318515509d1ed6cefcdc632d703671a1de4013af,1
0xb45bb6dd4bd646f93844dcf2dcee05946f2430d09b77ef97854b4bcabf98394e,1
0x49cb8889c3f1d802591a980370a5d34f95bf5ad2976308e97c56c5824fcf5ea1,1
0x6fc65edda41afa3f7fd5dad6ed6a29603ca3a347dc3d18e05c486fe20ca8da54,1
0x452c88bb4bb17ba101003df14719e72b734729f135b195c3febe94273171160d,1
0x6366b7b275efcf8aaf9dc5972323ca53c8e69e231544b829ed9d40a719aae645,1
0x06948d7520496d14a2d14d9692d62239d346a0a0a2cf193c9e948456de7fb8bf,1
0xa29e0ba0d41bbab34489f7af5c7f512aef75aa55c471fdd6202192f49b4a853f,1
0xe2f5459fad311c248d99f77c21b9f1896823110461cb3101d7b1836c004ed2e7,1
0x150efce4acdb2e5216b21836cbf1c9a5fd164db98a3ddd5a417419ad757fa605,1
0xe7d4e05c107cdd613a35d42752fa573f47b6bb6d139c4736623c93f8c3298e59,1
0x8908fdc3f5f31fb62eba302bf251cffb1f7ff46ed691bac9a0749cbf07671a48,1
0xe33d4bf787d2f60981246402603925bac6d4285c7aa56530a0d8a89e510217c4,1
0x480bff11709e26de89affed9d587fd18293473a8661ec7929f173c69d1a3e143,1
